ACURA CDX,
ACURA CL,
ACURA CSX,
ACURA EL,
ACURA ILX,
ACURA INTEGRA,
ACURA LEGEND,
ACURA MDX,
ACURA NSX,
ACURA RDX,
ACURA RL,
ACURA RLX,
ACURA RSX,
ACURA SLX,
ACURA TL,
ACURA TLX,
ACURA TSX,
ACURA VIGOR,
ACURA ZDX,
AIXAM A721,
AIXAM A741,
AIXAM A751,
AIXAM CROSSLINE,
AIXAM MEGA,
AIXAM SCOUTY,
ALFA ROMEO 1300,
ALFA ROMEO 145,
ALFA ROMEO 146,
ALFA ROMEO 147,
ALFA ROMEO 155,
ALFA ROMEO 156,
ALFA ROMEO 159,
ALFA ROMEO 159 SPORTWAGON,
ALFA ROMEO 164,
ALFA ROMEO 166,
ALFA ROMEO 1750,
ALFA ROMEO 2000,
ALFA ROMEO 33,
ALFA ROMEO 4C,
ALFA ROMEO 75,
ALFA ROMEO 8C COMPETIZIONE,
ALFA ROMEO AGT,
ALFA ROMEO ALFA UNICA,
ALFA ROMEO ALPHA,
ALFA ROMEO BRERA,
ALFA ROMEO COUPE,
ALFA ROMEO CROSSWAGON,
ALFA ROMEO ES 30,
ALFA ROMEO GIULIA,
ALFA ROMEO GIULIA QUADRIFOGLIO,
ALFA ROMEO GIULIETTA,
ALFA ROMEO GT,
ALFA ROMEO GT COUPE,
ALFA ROMEO GTA,
ALFA ROMEO GTV,
ALFA ROMEO MITO,
ALFA ROMEO MONTREAL,
ALFA ROMEO RZ,
ALFA ROMEO SPIDER,
ALFA ROMEO STELVIO,
ALFA ROMEO SZ,
ALFA ROMEO VELOCE,
APRILIA MOTO SL 1000 FALCO,
ASIA TOWNER,
ASIA TOWNER GLASS VAN,
ASIA TRUCK,
ASTON MARTIN CYGNET,
ASTON MARTIN DB11,
ASTON MARTIN DB7,
ASTON MARTIN DB9,
ASTON MARTIN DBS,
ASTON MARTIN RAPIDE,
ASTON MARTIN V03,
ASTON MARTIN V8,
ASTON MARTIN VANQUISH,
ASTON MARTIN VANTAGE,
ASTON MARTIN VANTAGE ZAGATO,
ASTON MARTIN VH1,
ASTON MARTIN VH2,
ASTON MARTIN VH260,
ASTON MARTIN VH3,
ASTON MARTIN VH309,
ASTON MARTIN VH350,
ASTON MARTIN VH351,
AUDI 100,
AUDI 200,
AUDI 80,
AUDI 90,
AUDI A1,
AUDI A1 SPORTBACK,
AUDI A2,
AUDI A3,
AUDI A3 CABRIO,
AUDI A3 SPORTBACK,
AUDI A3/S3,
AUDI A3/S3888,
AUDI A4,
AUDI A4 ALLROAD,
AUDI A4 ALLROAD QUATTRO,
AUDI A4 AVANT,
AUDI A4 CABRIO,
AUDI A4 LIMO,
AUDI A4/S4,
AUDI A4/S4 CABRIO,
AUDI A5,
AUDI A5 CABRIO,
AUDI A5 COUPE,
AUDI A5 SPORTBACK,
AUDI A5S,
AUDI A6,
AUDI A6 ALLROAD QUATTRO,
AUDI A6/S6,
AUDI A6L,
AUDI A7,
AUDI A8,
AUDI A8 L,
AUDI A8/S8,
AUDI A8L,
AUDI ALLROAD,
AUDI AUDI 4000,
AUDI AUDI 5000,
AUDI AVANT,
AUDI CABRIO,
AUDI COUPE,
AUDI E-TRON,
AUDI FOX,
AUDI Q2,
AUDI Q3,
AUDI Q4 E TRON,
AUDI Q4 E TRON SPORTSBACK,
AUDI Q5,
AUDI Q7,
AUDI Q8,
AUDI QUATTRO,
AUDI R8,
AUDI RS 3,
AUDI RS 4 AVANT,
AUDI RS 5 CABRIO,
AUDI RS 5 COUPE,
AUDI RS 6 AVANT,
AUDI RS 7 SPORTBACK,
AUDI RS MODELS,
AUDI RS Q3,
AUDI RS8,
AUDI S1,
AUDI S3,
AUDI S4,
AUDI S4 CABRIO,
AUDI S5,
AUDI S5 CABRIO,
AUDI S5 COUPE,
AUDI S5 SPORTBACK,
AUDI S6,
AUDI S7,
AUDI S8,
AUDI SQ2,
AUDI SQ5,
AUDI TT,
AUDI TT COUPE,
AUDI TT ROADSTER,
AUDI TT S-LINE,
AUDI TTS,
AUDI TTS COUPE,
AUDI TTS ROADSTER,
BAIC EV200,
BAIC S2,
BAIC S3,
BAIC SHENBAO D20,
BAIC X25,
BEDFORD ASTRAMAX,
BEDFORD ASTRAVAN,
BEDFORD BRAVA,
BEDFORD MIDI,
BEDFORD RASCAL,
BENTLEY ARNAGE,
BENTLEY AZURE,
BENTLEY BENTAYGA,
BENTLEY BROOKLANDS,
BENTLEY CONT. FLYING SPUR,
BENTLEY CONT. GT,
BENTLEY CONT. GTC,
BENTLEY CONTINENTAL,
BENTLEY CONTINENTAL GT,
BENTLEY CONTINENTAL GTC,
BENTLEY FLYING SPUR,
BENTLEY GT SPYDER,
BENTLEY MULSANNE,
BMW 1 SER. 3 DOOR,
BMW 1 SER. CABRIO,
BMW 1 SER. COUPE,
BMW 1 SER. SEDAN,
BMW 1 SERIES,
BMW 2 SER. CABRIO,
BMW 2 SERIES,
BMW 2002,
BMW 3 SER. CABRIO,
BMW 3 SER. COMPACT,
BMW 3 SER. COUPE,
BMW 3 SER. GT,
BMW 3 SER. LIMOUSINE,
BMW 3 SER. TOURING,
BMW 3 SERIES,
BMW 3ER GT,
BMW 4 SER. GRAN COUPE,
BMW 4 SERIES,
BMW 5 SER. GT,
BMW 5 SER. LIMOUSINE,
BMW 5 SER. TOURING,
BMW 5 SERIES,
BMW 6 GRAN COUPE,
BMW 6 SER. CABRIO,
BMW 6 SER. COUPE,
BMW 6 SERIES,
BMW 6 SERIES GT,
BMW 7 SER. LIMOUSINE,
BMW 7 SERIES,
BMW 8 SERIES,
BMW 850,
BMW B6 ALPINA,
BMW B7 ALPINA,
BMW CABRIO,
BMW I3,
BMW I8,
BMW I8 SPYDER,
BMW ISETTA,
BMW LSC,
BMW M COUPE,
BMW M ROADSTER,
BMW M SERIES,
BMW M2,
BMW M3,
BMW M3 COUPE,
BMW M3 LIMOUSINE,
BMW M4,
BMW M4 COUPE,
BMW M5,
BMW M5 LIMOUSINE,
BMW M5 TOURING,
BMW M6,
BMW M6 CABRIO,
BMW M6 COUPE,
BMW M8,
BMW M8 CONVERTIBLE,
BMW M8 COUPE,
BMW M8 GRAN COUPE,
BMW X1,
BMW X2,
BMW X3,
BMW X4,
BMW X5,
BMW X6,
BMW X7,
BMW Z SERIES,
BMW Z1,
BMW Z3,
BMW Z3 ROADSTER,
BMW Z4,
BMW Z4 COUPE,
BMW Z4 ROADSTER,
BMW Z8,
BMW MOTO 1000CC,
BMW MOTO C1,
BMW MOTO F800FT,
BMW MOTO R1200RT,
BMW MOTO S1000RR,
BORGWARD BX5,
BORGWARD BX7,
BRILLIANCE COUPE,
BRILLIANCE JUNJIE,
BRILLIANCE JUNJIE/SPLENDOR,
BRILLIANCE V5,
BRILLIANCE ZHONGHUA,
BRILLIANCE ZHONGHUA H320,
BRILLIANCE ZHONGHUA H530,
BRILLIANCE ZUNCHI,
BUGATTI VEYRON,
BYD AUTO F0,
BYD AUTO F3,
BYD AUTO F3R,
BYD AUTO F6,
BYD AUTO G3,
BYD AUTO L3,
BYD AUTO S6,
BYD AUTO SIRUI,
CHANGAN ALSVIN V7,
CHANGAN CS15,
CHANGAN CS35,
CHANGAN CS55,
CHANGAN CS75,
CHANGAN EADO,
CHANGAN RAETON CC,
CHANGAN V7,
CHATENET CH26,
CHERY A1,
CHERY A3,
CHERY A5,
CHERY A520,
CHERY APOLA,
CHERY ARRIZO GX,
CHERY ARRIZO3,
CHERY ARRIZO5,
CHERY ARRIZO7,
CHERY CROSS EASTAR,
CHERY E3,
CHERY E5,
CHERY E7,
CHERY EASTAR,
CHERY FLAGCLOUD,
CHERY FORA,
CHERY FRESH,
CHERY FULWIN,
CHERY FULWIN 2,
CHERY G5,
CHERY G6,
CHERY J1,
CHERY J5,
CHERY JETOUR X70,
CHERY KARRY,
CHERY M1,
CHERY MIKADO,
CHERY ORIENTAL SON,
CHERY QI RUI,
CHERY QQ,
CHERY QQ3,
CHERY QQ6,
CHERY QQME,
CHERY RICH II,
CHERY S18,
CHERY TIGGO,
CHERY TIGGO 5X,
CHERY TIGGO3,
CHERY TIGGO5,
CHERY TIGGO7,
CHERY V325,
CHERY V5,
CHERY WINCLOUD,
CHERY X1,
CHEVROLET EUR. AVEO,
CHEVROLET EUR. CAPTIVA,
CHEVROLET EUR. CHEVINIVA,
CHEVROLET EUR. CHEVROLET AGILE,
CHEVROLET EUR. CHEVROLET AVALANCHE,
CHEVROLET EUR. CHEVROLET BEAT,
CHEVROLET EUR. CHEVROLET BLAZER,
CHEVROLET EUR. CHEVROLET BOLT,
CHEVROLET EUR. CHEVROLET CAMARO,
CHEVROLET EUR. CHEVROLET CAPRICE,
CHEVROLET EUR. CHEVROLET CAVALIER,
CHEVROLET EUR. CHEVROLET CELTA,
CHEVROLET EUR. CHEVROLET CHEVY,
CHEVROLET EUR. CHEVROLET COBALT,
CHEVROLET EUR. CHEVROLET COLORADO,
CHEVROLET EUR. CHEVROLET CORVETTE,
CHEVROLET EUR. CHEVROLET CSV CR8,
CHEVROLET EUR. CHEVROLET ENJOY,
CHEVROLET EUR. CHEVROLET EPICA,
CHEVROLET EUR. CHEVROLET EQUINOX,
CHEVROLET EUR. CHEVROLET EXPRESS,
CHEVROLET EUR. CHEVROLET IMPALA,
CHEVROLET EUR. CHEVROLET LUMINA,
CHEVROLET EUR. CHEVROLET MATIZ,
CHEVROLET EUR. CHEVROLET MONTANA,
CHEVROLET EUR. CHEVROLET NIVA,
CHEVROLET EUR. CHEVROLET ONIX,
CHEVROLET EUR. CHEVROLET OPTRA,
CHEVROLET EUR. CHEVROLET ORLANDO,
CHEVROLET EUR. CHEVROLET PRISMA,
CHEVROLET EUR. CHEVROLET S10,
CHEVROLET EUR. CHEVROLET SAIL,
CHEVROLET EUR. CHEVROLET SAIL U-VA,
CHEVROLET EUR. CHEVROLET SILVERADO,
CHEVROLET EUR. CHEVROLET SONIC,
CHEVROLET EUR. CHEVROLET SPARK,
CHEVROLET EUR. CHEVROLET SPIN,
CHEVROLET EUR. CHEVROLET SS,
CHEVROLET EUR. CHEVROLET SUBURBAN,
CHEVROLET EUR. CHEVROLET TAHOE,
CHEVROLET EUR. CHEVROLET TAVERA,
CHEVROLET EUR. CHEVROLET TRAVERSE,
CHEVROLET EUR. CRUZE,
CHEVROLET EUR. EPICA,
CHEVROLET EUR. EVANDA,
CHEVROLET EUR. HHR,
CHEVROLET EUR. KALOS,
CHEVROLET EUR. LACETTI,
CHEVROLET EUR. MALIBU,
CHEVROLET EUR. MATIZ,
CHEVROLET EUR. NUBIRA,
CHEVROLET EUR. ORLANDO,
CHEVROLET EUR. REZZO,
CHEVROLET EUR. SAIL,
CHEVROLET EUR. SPARK,
CHEVROLET EUR. SUNFIRE,
CHEVROLET EUR. TACUMA,
CHEVROLET EUR. TRAX,
CHEVROLET EUR. VOLT,
"CHRYSLER 	DODGE SPRINTER",
CHRYSLER 200,
CHRYSLER 200 SERIES,
CHRYSLER 300 SERIES,
CHRYSLER 300 SERIES-EW,
CHRYSLER 300M,
CHRYSLER ASPEN,
CHRYSLER CHALLENGER,
CHRYSLER CIRRUS,
CHRYSLER COLT,
CHRYSLER CONCORDE,
CHRYSLER CONQUEST,
CHRYSLER CROSSFIRE,
CHRYSLER DODGE,
CHRYSLER DODGE AVENGER,
CHRYSLER DODGE CALIBER,
CHRYSLER DODGE CARAVAN,
CHRYSLER DODGE CHALLENGER,
CHRYSLER DODGE CHARGER,
CHRYSLER DODGE DAKOTA,
CHRYSLER DODGE DART,
CHRYSLER DODGE DURANGO,
CHRYSLER DODGE GRAND CARAVAN,
CHRYSLER DODGE INTREPID,
CHRYSLER DODGE JOURNEY,
CHRYSLER DODGE MAGNUM,
CHRYSLER DODGE NEON,
CHRYSLER DODGE NITRO,
CHRYSLER DODGE SPRINTER,
CHRYSLER DODGE STEALTH,
CHRYSLER DODGE VIPER,
CHRYSLER EAGLE,
CHRYSLER EAGLE PREMIER,
CHRYSLER EAGLE SUMMIT,
CHRYSLER EAGLE TALON,
CHRYSLER EAGLE VISION,
CHRYSLER EAGLE VISTA,
CHRYSLER GLADIATOR,
CHRYSLER GRAND VOYAGER,
CHRYSLER JEEP,
CHRYSLER JEEP C-CUV,
CHRYSLER JEEP CHEROKEE,
CHRYSLER JEEP COMANCHE,
CHRYSLER JEEP COMMANDER,
CHRYSLER JEEP COMPASS,
CHRYSLER JEEP GRAND CHEROKEE,
CHRYSLER JEEP GRAND WAGONEER,
CHRYSLER JEEP LIBERTY,
CHRYSLER JEEP PATRIOT,
CHRYSLER JEEP RENEGADE,
CHRYSLER JEEP WAGONEER,
CHRYSLER JEEP WRANGLER,
CHRYSLER LHS,
CHRYSLER PACIFICA,
CHRYSLER PLYMOUTH,
CHRYSLER PLYMOUTH BREEZE,
CHRYSLER PLYMOUTH CHAMP,
CHRYSLER PLYMOUTH LASER,
CHRYSLER PLYMOUTH PROWLER,
CHRYSLER PLYMOUTH SCAMP,
CHRYSLER PT CRUISER,
CHRYSLER RAIDER,
CHRYSLER RAM CHARGER,
CHRYSLER RAM GTXTREME,
CHRYSLER RAM PROMASTER,
CHRYSLER RAM PROMASTER CITY,
CHRYSLER RAM SERIES,
CHRYSLER RAM TRUCK,
CHRYSLER RAM VAN,
CHRYSLER RAM WAGON,
CHRYSLER SEBRING SERIES,
CHRYSLER STRATUS SERIES,
CHRYSLER TOWN & COUNTRY,
CHRYSLER TOWN&COUNTRY,
CHRYSLER VOYAGER,
CHRYSLER VOYAGER-EW,
CHRYSLER WRANGLER,
CITROEN 2CV,
CITROEN ACADIANE,
CITROEN AIR CROSS,
CITROEN AX,
CITROEN AXEL,
CITROEN BERLINGO,
CITROEN BX,
CITROEN C-CROSSER,
CITROEN C-ELYSEE,
CITROEN C-QUATRE,
CITROEN C-ZERO,
CITROEN C1,
CITROEN C1 FOLLI FOLLIE,
CITROEN C15,
CITROEN C2,
CITROEN C25,
CITROEN C3,
CITROEN C3 AIRCROSS,
CITROEN C3 CHARLESTONE,
CITROEN C3 ELLE,
CITROEN C3 PICASSO,
CITROEN C3 PLURIEL,
CITROEN C3-XR,
CITROEN C35,
CITROEN C4,
CITROEN C4 AIRCROSS,
CITROEN C4 CACTUS,
CITROEN C4 PICASSO,
CITROEN C4 TRIOMPHE,
CITROEN C4L,
CITROEN C5,
CITROEN C5 AIRCROSS,
CITROEN C6,
CITROEN C8,
CITROEN CX,
CITROEN CX LEADER,
CITROEN DS3,
CITROEN DS3 CC,
CITROEN DS3 CROSSBACK,
CITROEN DS3 RACING,
CITROEN DS4,
CITROEN DS5,
CITROEN DS6,
CITROEN DS7,
CITROEN DS7 CROSSBACK,
CITROEN E-C4,
CITROEN E-MEHARI,
CITROEN ELYSEE,
CITROEN EVASION,
CITROEN FUKANG,
CITROEN GRAND C4 PICASSO,
CITROEN GRAND C4 SPACETOURER,
CITROEN GSA,
CITROEN HY,
CITROEN JUMPER,
CITROEN JUMPY,
CITROEN LNA,
CITROEN MEHARI,
CITROEN NEMO,
CITROEN PICASSO,
CITROEN PLURIEL,
CITROEN SAXO,
CITROEN SPACE TOURER,
CITROEN SPACETOURER,
CITROEN VISA,
CITROEN XANTIA,
CITROEN XM,
CITROEN XSARA,
CITROEN XSARA PICASSO,
CITROEN ZX,
DACIA DOKKER,
DACIA DUSTER,
DACIA LODGY,
DACIA LOGAN,
DACIA LOGAN MCV,
DACIA LOGAN PICK UP,
DACIA NOVA,
DACIA SANDERO,
DACIA SANDERO STEPWAY,
DACIA SOLENZA,
DACIA SUPERNOVA,
DAEWOO ALPHEON,
DAEWOO ARANOS,
DAEWOO ARCADIA,
DAEWOO AVEO,
DAEWOO BROUGHAM,
DAEWOO CAPTIVA,
DAEWOO CIELO,
DAEWOO DAMAS,
DAEWOO ESPERO,
DAEWOO EVANDA,
DAEWOO GENTRA,
DAEWOO IMPERIAL,
DAEWOO JOYSTER,
DAEWOO KALOS,
DAEWOO KORANDO,
DAEWOO LABO,
DAEWOO LACETTI,
DAEWOO LACETTI GT,
DAEWOO LACETTI PREMIERE,
DAEWOO LANOS,
DAEWOO LANOS SPORTY,
DAEWOO LEGANZA,
DAEWOO LEMANS,
DAEWOO LUBLIN,
DAEWOO MAGNUS,
DAEWOO MANTICA,
DAEWOO MATIZ,
DAEWOO MATIZ BEST,
DAEWOO MATIZ STANDART,
DAEWOO MUSSO,
DAEWOO NEXIA,
DAEWOO NUBIRA,
DAEWOO NUBIRA WAGON,
DAEWOO ORLANDO,
DAEWOO POLONEZ,
DAEWOO PRINCE,
DAEWOO RACER,
DAEWOO REZZO,
DAEWOO ROYAL,
DAEWOO SALON,
DAEWOO SENS,
DAEWOO SHIRAZ,
DAEWOO STATESMAN,
DAEWOO SUPER SALON,
DAEWOO TACUMA,
DAEWOO TICO,
DAEWOO TOSCA,
DAEWOO WINSTORM,
DAF TRUCKS DAF,
DAF TRUCKS XF105,
DAIHATSU ALTIS,
DAIHATSU APPLAUSE,
DAIHATSU ATRAI,
DAIHATSU ATRAI WAGON,
DAIHATSU AYLA,
DAIHATSU BE-GO,
DAIHATSU BOON,
DAIHATSU BOON LUMINAS,
DAIHATSU CANBUS,
DAIHATSU CAST,
DAIHATSU CHARADE,
DAIHATSU COO,
DAIHATSU COPEN,
DAIHATSU COURE,
DAIHATSU CUORE,
DAIHATSU DELTA,
DAIHATSU DOMINO,
DAIHATSU DUET,
DAIHATSU ESSE,
DAIHATSU EXTOL,
DAIHATSU FEROZA,
DAIHATSU GINO,
DAIHATSU GRAN MAX,
DAIHATSU GRAN MOVE,
DAIHATSU HIJET,
DAIHATSU LUXIO,
DAIHATSU MATERIA,
DAIHATSU MAX,
DAIHATSU MICROCAR,
DAIHATSU MIDGET II,
DAIHATSU MIRA,
DAIHATSU MIRA COCOA,
DAIHATSU MIRA E:S,
DAIHATSU MOVE,
DAIHATSU MOVE CONTE,
DAIHATSU MOVE CUSTOM,
DAIHATSU MOVE LATTE,
DAIHATSU NAKED,
DAIHATSU OPTI,
DAIHATSU PYZAR,
DAIHATSU ROCKY,
DAIHATSU RUGGER,
DAIHATSU SIGRA,
DAIHATSU SIRION,
DAIHATSU SONICA,
DAIHATSU SPORTRAK,
DAIHATSU STORIA,
DAIHATSU TAFT,
DAIHATSU TANTO,
DAIHATSU TANTO CUSTOM,
DAIHATSU TANTO EXE / TANTO EX,
DAIHATSU TARUNA,
DAIHATSU TERIOS,
DAIHATSU THOR,
DAIHATSU TREVIS,
DAIHATSU WAKE,
DAIHATSU XENIA,
DAIHATSU YRV,
DATSUN MI-DO,
DATSUN ON-DO,
DR MOTOR COMPANY DR1,
DR MOTOR COMPANY DR5,
FAW HONGQI BESTURN,
FAW HONGQI BESTURN B50,
FAW HONGQI BESTURN B70,
FAW HONGQI BESTURN B90,
FAW HONGQI BESTURN X80,
FAW HONGQI OLEY,
FERRARI 250 GT BERLINETTA,
FERRARI 250 MGT COUPE,
FERRARI 275 GTB4,
FERRARI 348,
FERRARI 360 MODENA,
FERRARI 375 MM,
FERRARI 430 SCUDERIA,
FERRARI 456GT,
FERRARI 458,
FERRARI 458 SPIDER,
FERRARI 488,
FERRARI 550 MARANELLO,
FERRARI 599 GTB,
FERRARI 599 GTO,
FERRARI 612 SCAGLIETTI,
FERRARI CALIFORNIA,
FERRARI F12 BERLINETTA,
FERRARI F335,
FERRARI F40,
FERRARI F430,
FERRARI F430 F1,
FERRARI F430 SPIDER F1,
FERRARI F450,
FERRARI FERRARI,
FERRARI FF,
FERRARI FIORANO F1,
FERRARI LAFERRARI,
FERRARI MONDIAL,
FIAT/LANCIA 124,
FIAT/LANCIA 124 SPIDER,
FIAT/LANCIA 125,
FIAT/LANCIA 126,
FIAT/LANCIA 128,
FIAT/LANCIA 131,
FIAT/LANCIA 2000,
FIAT/LANCIA 500,
FIAT/LANCIA 500 COLLEZIONE,
FIAT/LANCIA 500 DIESEL,
FIAT/LANCIA 500 GIARDINIERA,
FIAT/LANCIA 500 LA PRIMA,
FIAT/LANCIA 500 ROCKSTAR,
FIAT/LANCIA 500 STREET,
FIAT/LANCIA 500 THERAPY,
FIAT/LANCIA 500 TOPOLINO,
FIAT/LANCIA 500 TWINAIR,
FIAT/LANCIA 500C,
FIAT/LANCIA 500L,
FIAT/LANCIA 500L TREKKING,
FIAT/LANCIA 500S,
FIAT/LANCIA 500X,
FIAT/LANCIA 600,
FIAT/LANCIA 850,
FIAT/LANCIA A112,
FIAT/LANCIA ABARTH 500,
FIAT/LANCIA ABARTH 500C,
FIAT/LANCIA ABARTH 595,
FIAT/LANCIA ABARTH 695,
FIAT/LANCIA ALBEA,
FIAT/LANCIA ARGO,
FIAT/LANCIA AUTOBIANCHI,
FIAT/LANCIA AVVENTURA,
FIAT/LANCIA BALILLA,
FIAT/LANCIA BARCHETTA,
FIAT/LANCIA BERTONE,
FIAT/LANCIA BETA,
FIAT/LANCIA BRAVA,
FIAT/LANCIA BRAVO,
FIAT/LANCIA CINQUECENTO,
FIAT/LANCIA CITY,
FIAT/LANCIA COUPE,
FIAT/LANCIA CROMA,
FIAT/LANCIA CRONOS,
FIAT/LANCIA DEDRA,
FIAT/LANCIA DELTA,
FIAT/LANCIA DOBLO,
FIAT/LANCIA DUCATO,
FIAT/LANCIA DUNA,
FIAT/LANCIA ELBA,
FIAT/LANCIA FIORINO,
FIAT/LANCIA FLAVIA,
FIAT/LANCIA FREEMONT,
FIAT/LANCIA FULLBACK,
FIAT/LANCIA GAMMA,
FIAT/LANCIA GRAND CHEROKEE,
FIAT/LANCIA GRANDE PUNTO,
FIAT/LANCIA GRANDE PUNTO ABARTH,
FIAT/LANCIA IDEA,
FIAT/LANCIA K,
FIAT/LANCIA K S.W.,
FIAT/LANCIA LANCIA,
FIAT/LANCIA LINEA,
FIAT/LANCIA LINEA CLASSIC,
FIAT/LANCIA LYBRA,
FIAT/LANCIA MAREA,
FIAT/LANCIA MARENGO/MAREA WE,
FIAT/LANCIA MICRO,
FIAT/LANCIA MILLE,
FIAT/LANCIA MINICARGO,
FIAT/LANCIA MOBI,
FIAT/LANCIA MULTIPLA,
FIAT/LANCIA MUSA,
FIAT/LANCIA MUSA PLATINO PLUS,
FIAT/LANCIA OTTIMO,
FIAT/LANCIA PALIO,
FIAT/LANCIA PALIO 2V,
FIAT/LANCIA PALIO SW,
FIAT/LANCIA PALIO WE,
FIAT/LANCIA PANDA,
FIAT/LANCIA PANDA 4X4,
FIAT/LANCIA PANDA ALESSI,
FIAT/LANCIA PANDA CITY CROSS,
FIAT/LANCIA PANDA CROSS,
FIAT/LANCIA PANDA MONSTER,
FIAT/LANCIA PANDA PRESTO,
FIAT/LANCIA PANDA SUV,
FIAT/LANCIA PANDA VAN,
FIAT/LANCIA PHEDRA,
FIAT/LANCIA PREMIO,
FIAT/LANCIA PRIMULA,
FIAT/LANCIA PRISMA,
FIAT/LANCIA PUNTO,
FIAT/LANCIA PUNTO ABARTH,
FIAT/LANCIA PUNTO CABRIO,
FIAT/LANCIA PUNTO EVO,
FIAT/LANCIA PUNTO VAN,
FIAT/LANCIA PUNTO-PURE,
FIAT/LANCIA QUBO,
FIAT/LANCIA REGATA,
FIAT/LANCIA SCUDINO,
FIAT/LANCIA SCUDO,
FIAT/LANCIA SEDAN,
FIAT/LANCIA SEDICI,
FIAT/LANCIA SEICENTO,
FIAT/LANCIA SEICENTO VAN,
FIAT/LANCIA SIENA,
FIAT/LANCIA SPAZIO,
FIAT/LANCIA SPIDER,
FIAT/LANCIA STILO,
FIAT/LANCIA STILO WAGON,
FIAT/LANCIA STRADA,
FIAT/LANCIA TALENTO,
FIAT/LANCIA TEMPRA,
FIAT/LANCIA THEMA,
FIAT/LANCIA THESIS,
FIAT/LANCIA TIPO,
FIAT/LANCIA TORO,
FIAT/LANCIA ULYSSE,
FIAT/LANCIA UNO,
FIAT/LANCIA VIAGGIO,
FIAT/LANCIA VOYAGER,
FIAT/LANCIA WAGON,
FIAT/LANCIA WRANGLER,
FIAT/LANCIA X1/9,
FIAT/LANCIA Y,
FIAT/LANCIA Y G,
FIAT/LANCIA Y G ELEFANTINO BLU,
FIAT/LANCIA Y G ELEFANTINO RED,
FIAT/LANCIA Y KALEIDOS,
FIAT/LANCIA Y10,
FIAT/LANCIA YPSILON,
FIAT/LANCIA YPSILON B-COLORE,
FIAT/LANCIA YPSILON ELLE,
FIAT/LANCIA YPSILON MOMO,
FIAT/LANCIA YPSILON MONOGRAM,
FIAT/LANCIA YPSILON VERSUS,
FIAT/LANCIA Z,
FIAT/LANCIA ZAGATO,
FISKER KARMA,
FLEET-AUSTRALIA FOCUS CABRIO,
FORD EUROPE AEROSTAR,
FORD EUROPE ANGLIA,
FORD EUROPE B-MAX,
FORD EUROPE BANTAM,
FORD EUROPE BRONCO,
FORD EUROPE C-MAX,
FORD EUROPE CABRIO,
FORD EUROPE CAPRI,
FORD EUROPE CONTOUR,
FORD EUROPE COUGAR,
FORD EUROPE COURIER,
FORD EUROPE ECOSPORT,
FORD EUROPE ECOSPORT-NA,
FORD EUROPE EDGE,
FORD EUROPE ESCAPE,
FORD EUROPE ESCORT,
FORD EUROPE ESCORT CABRIOLET,
FORD EUROPE ESCORT VAN,
FORD EUROPE ESCORT-NA,
FORD EUROPE EVEREST,
FORD EUROPE EXPEDITION,
FORD EUROPE EXPLORER,
FORD EUROPE EXPLORER-NA,
FORD EUROPE F-SERIES,
FORD EUROPE FIESTA,
FORD EUROPE FIESTA ST,
FORD EUROPE FIESTA VAN,
FORD EUROPE FIESTA-NA,
FORD EUROPE FIGO,
FORD EUROPE FOCUS,
FORD EUROPE FOCUS BEV,
FORD EUROPE FOCUS C-MAX,
FORD EUROPE FOCUS CABRIO,
FORD EUROPE FOCUS RS,
FORD EUROPE FOCUS ST,
FORD EUROPE FOCUS-NA,
FORD EUROPE FUSION,
FORD EUROPE FUSION-NA,
FORD EUROPE GALAXY,
FORD EUROPE GRANADA,
FORD EUROPE GT,
FORD EUROPE IKON,
FORD EUROPE KA,
FORD EUROPE KA+,
FORD EUROPE KUGA,
FORD EUROPE MACH-E,
FORD EUROPE MAVERICK,
FORD EUROPE MAVERICK 2001,
FORD EUROPE MAVERICK-EW,
FORD EUROPE MONDEO,
FORD EUROPE MUSTANG,
FORD EUROPE MUSTANG MACH-E,
FORD EUROPE ORION,
FORD EUROPE P100,
FORD EUROPE POLICE CAR,
FORD EUROPE PROBE,
FORD EUROPE PUMA,
FORD EUROPE RANGER,
FORD EUROPE RANGER-NA,
FORD EUROPE S-MAX,
FORD EUROPE SCORPIO/GRANADA,
FORD EUROPE SIERRA,
FORD EUROPE STREET KA,
FORD EUROPE TAUNUS,
FORD EUROPE TAURUS,
FORD EUROPE THUNDERBIRD,
FORD EUROPE TOURNEO,
FORD EUROPE TOURNEO CONNECT,
FORD EUROPE TOURNEO COURIER,
FORD EUROPE TOURNEO CUSTOM,
FORD EUROPE TRADER,
FORD EUROPE TRANSIT,
FORD EUROPE TRANSIT CONNECT,
FORD EUROPE TRANSIT COURIER,
FORD EUROPE TRANSIT CUSTOM,
FORD EUROPE TRIBUTE,
FORD EUROPE WINDSTAR,
FORD-USA 500,
FORD-USA ADRENALIN,
FORD-USA AEROSTAR,
FORD-USA ASPIRE,
FORD-USA AVIATOR,
FORD-USA B-MAX,
FORD-USA BANTAM,
FORD-USA BRONCO,
FORD-USA BRONCO I,
FORD-USA BRONCO II,
FORD-USA C-MAX,
FORD-USA CAPRI,
FORD-USA CARGO SERIES,
FORD-USA CONTOUR,
FORD-USA COUGAR,
FORD-USA COURIER,
FORD-USA CROSSTRAINER,
FORD-USA CROWN VICTORIA,
FORD-USA E-SERIES,
FORD-USA ECONOLINE,
FORD-USA ECOSPORT,
FORD-USA ECOSPORT-NA,
FORD-USA EDGE,
FORD-USA ENDEAVOUR,
FORD-USA ESCAPE,
FORD-USA ESCAPE HYBRID,
FORD-USA ESCORT,
FORD-USA ESCORT CABRIOLET,
FORD-USA ESCORT VAN,
FORD-USA ESCORT-NA,
FORD-USA EVEREST,
FORD-USA EXCURSION,
FORD-USA EXP,
FORD-USA EXPEDITION,
FORD-USA EXPLORER,
FORD-USA EXPLORER-NA,
FORD-USA EXTREME,
FORD-USA F-SERIES,
FORD-USA FIESTA,
FORD-USA FIESTA IKON,
FORD-USA FIESTA-NA,
FORD-USA FIGO,
FORD-USA FIGO ASPIRE,
FORD-USA FLEX,
FORD-USA FOCUS,
FORD-USA FOCUS RS,
FORD-USA FOCUS ST,
FORD-USA FOCUS-NA,
FORD-USA FREDA,
FORD-USA FREESTAR,
FORD-USA FREESTYLE,
FORD-USA FUSION,
FORD-USA FUSION-NA,
FORD-USA GALAXY,
FORD-USA GRANADA,
FORD-USA GRAND MARQUIS,
FORD-USA GT,
FORD-USA HEAVY DUTY TRUCK,
FORD-USA IKON,
FORD-USA IXION,
FORD-USA KA,
FORD-USA KENTUCKY TRUCK,
FORD-USA KUGA,
FORD-USA LINCOLN,
FORD-USA LINCOLN AVIATOR,
FORD-USA LINCOLN CONTINENTAL,
FORD-USA LINCOLN LS,
FORD-USA LINCOLN MARK,
FORD-USA LINCOLN MARK LT,
FORD-USA LINCOLN MKC,
FORD-USA LINCOLN MKS,
FORD-USA LINCOLN MKT,
FORD-USA LINCOLN MKX,
FORD-USA LINCOLN MKZ,
FORD-USA LINCOLN NAVIGATOR,
FORD-USA LINCOLN TOWN CAR,
FORD-USA LINCOLN ZEPHYR,
FORD-USA LS,
FORD-USA LS6/LS8,
FORD-USA MACH-E,
FORD-USA MARAUDER,
FORD-USA MARINER,
FORD-USA MARK LT,
FORD-USA MAVERICK-EW,
FORD-USA MERCURY,
FORD-USA MERCURY MARAUDER,
FORD-USA MERCURY MARINER,
FORD-USA MERCURY MILAN,
FORD-USA MERCURY MONTEGO,
FORD-USA MERCURY MONTEREY,
FORD-USA MERCURY MOUNTAINEER,
FORD-USA MERCURY MYSTIQUE,
FORD-USA MERCURY SABLE,
FORD-USA MERCURY TOPAZ,
FORD-USA MERCURY TRACER,
FORD-USA MERCURY VILLAGER,
FORD-USA MILAN,
FORD-USA MKS,
FORD-USA MKT,
FORD-USA MKX,
FORD-USA MKZ,
FORD-USA MONDEO,
FORD-USA MONTEGO,
FORD-USA MONTEREY,
FORD-USA MOUNTAINEER,
FORD-USA MUSTANG,
FORD-USA NAVIGATOR,
FORD-USA ORION,
FORD-USA PAMPA,
FORD-USA POLICE CAR,
FORD-USA PROBE,
FORD-USA PUMA,
FORD-USA RANGER,
FORD-USA RANGER RAPTOR,
FORD-USA RANGER WILDTRAK,
FORD-USA RANGER-NA,
FORD-USA S-MAX,
FORD-USA SABLE,
FORD-USA SCORPIO,
FORD-USA SCORPIO/GRANADA,
FORD-USA SHELBY GT350,
FORD-USA SIERRA,
FORD-USA SUPER-DUTY TRUCK,
FORD-USA TAURUS,
FORD-USA TAURUS X,
FORD-USA TELSTAR,
FORD-USA TEMPO,
FORD-USA THUNDERBIRD,
FORD-USA TOURNEO CONNECT,
FORD-USA TOURNEO CUSTOM,
FORD-USA TOWN CAR,
FORD-USA TRACER,
FORD-USA TRANSIT,
FORD-USA TRANSIT CONNECT,
FORD-USA TRANSIT COURIER,
FORD-USA TRANSIT CUSTOM,
FORD-USA VERONA,
FORD-USA VERSAILLES,
FORD-USA VILLAGER,
FORD-USA WINDSTAR,
FORD_AUSTRALIA BANTAM,
FORD_AUSTRALIA BRONCO,
FORD_AUSTRALIA C-MAX,
FORD_AUSTRALIA CAPRI,
FORD_AUSTRALIA CONTOUR,
FORD_AUSTRALIA CORSAIR,
FORD_AUSTRALIA COUGAR,
FORD_AUSTRALIA COURIER,
FORD_AUSTRALIA ECONOVAN,
FORD_AUSTRALIA ECOSPORT,
FORD_AUSTRALIA ENDEAVOUR,
FORD_AUSTRALIA ESCAPE,
FORD_AUSTRALIA ESCORT,
FORD_AUSTRALIA EVEREST,
FORD_AUSTRALIA EXPLORER,
FORD_AUSTRALIA F-SERIES,
FORD_AUSTRALIA FAIRLANE,
FORD_AUSTRALIA FAIRLANE G220,
FORD_AUSTRALIA FAIRLANE GHIA,
FORD_AUSTRALIA FAIRMONT,
FORD_AUSTRALIA FAIRMONT GHIA,
FORD_AUSTRALIA FALCON,
FORD_AUSTRALIA FALCON UTE,
FORD_AUSTRALIA FESTIVA,
FORD_AUSTRALIA FIESTA,
FORD_AUSTRALIA FOCUS,
FORD_AUSTRALIA FOCUS CABRIO,
FORD_AUSTRALIA FOCUS XR5,
FORD_AUSTRALIA FPV,
FORD_AUSTRALIA FUSION,
FORD_AUSTRALIA FUTURA,
FORD_AUSTRALIA GALAXY,
FORD_AUSTRALIA IKON,
FORD_AUSTRALIA KA,
FORD_AUSTRALIA KUGA,
FORD_AUSTRALIA LASER,
FORD_AUSTRALIA LTD,
FORD_AUSTRALIA MAVERICK,
FORD_AUSTRALIA MONDEO,
FORD_AUSTRALIA MUSTANG,
FORD_AUSTRALIA PROBE,
FORD_AUSTRALIA RAIDER,
FORD_AUSTRALIA RANGER,
FORD_AUSTRALIA RANGER WILDTRAK,
FORD_AUSTRALIA TAURUS,
FORD_AUSTRALIA TELSTAR,
FORD_AUSTRALIA TERRITORY,
FORD_AUSTRALIA THUNDERBIRD,
FORD_AUSTRALIA TRANSIT,
GAC MOTOR TRUMPCHI,
GAC MOTOR TRUMPCHI GA5,
GAC MOTOR TRUMPCHI GA6,
GAC MOTOR TRUMPCHI GS4,
GAC MOTOR TRUMPCHI GS5,
GAC MOTOR TRUMPCHI GS8,
GAZ 31102,
GAZ 31105,
GAZ GAZEL,
GAZ VOLGA,
GAZ VOLGA SAIBER,
GEELY BINYUE,
GEELY BORUI,
GEELY BOYUE,
GEELY CK,
GEELY EMGRAND,
GEELY EMGRAND BOYUE,
GEELY EMGRAND EC7,
GEELY EMGRAND EC8,
GEELY EMGRAND EV,
GEELY EMGRAND GL,
GEELY EMGRAND GS,
GEELY EMGRAND X7 SPORT,
GEELY FC,
GEELY GX7,
GEELY HQ,
GEELY HUAPU,
GEELY JIAJI,
GEELY JINGANG,
GEELY LC,
GEELY MAPLE,
GEELY MK,
GEELY SC-7,
GEELY YUANJING,
GENERAL MOTORS  BUICK LESABRE,
GENERAL MOTORS ACADIA,
GENERAL MOTORS ACHIEVA,
GENERAL MOTORS ALERO,
GENERAL MOTORS ALLANTE,
GENERAL MOTORS ALLURE,
GENERAL MOTORS ATS,
GENERAL MOTORS ATSL,
GENERAL MOTORS AURA,
GENERAL MOTORS AURORA,
GENERAL MOTORS AVEO,
GENERAL MOTORS BOLT,
GENERAL MOTORS BUICK,
GENERAL MOTORS BUICK CASCADA,
GENERAL MOTORS BUICK CENTURY,
GENERAL MOTORS BUICK ENCLAVE,
GENERAL MOTORS BUICK ENCORE,
GENERAL MOTORS BUICK ENVISION,
GENERAL MOTORS BUICK EXCELLE,
GENERAL MOTORS BUICK EXCELLE GT,
GENERAL MOTORS BUICK EXCELLE XT,
GENERAL MOTORS BUICK GL8,
GENERAL MOTORS BUICK GL8-FIRSTLAND,
GENERAL MOTORS BUICK LACROSSE,
GENERAL MOTORS BUICK LESABRE,
GENERAL MOTORS BUICK LUCERNE,
GENERAL MOTORS BUICK PARK AVENUE,
GENERAL MOTORS BUICK RAINIER,
GENERAL MOTORS BUICK REGAL,
GENERAL MOTORS BUICK RENDEZVOUS,
GENERAL MOTORS BUICK RIVIERA,
GENERAL MOTORS BUICK ROYAUM,
GENERAL MOTORS BUICK SKYLARK,
GENERAL MOTORS BUICK TERRAZA,
GENERAL MOTORS BUICK VERANO,
GENERAL MOTORS CADILLAC,
GENERAL MOTORS CADILLAC BLS,
GENERAL MOTORS CADILLAC BRX,
GENERAL MOTORS CADILLAC CATERA,
GENERAL MOTORS CADILLAC CT6,
GENERAL MOTORS CADILLAC CTS,
GENERAL MOTORS CADILLAC CTS-V,
GENERAL MOTORS CADILLAC DEVILLE,
GENERAL MOTORS CADILLAC DTS,
GENERAL MOTORS CADILLAC ELDORADO,
GENERAL MOTORS CADILLAC ELR,
GENERAL MOTORS CADILLAC ESCALADE,
GENERAL MOTORS CADILLAC SEVILLE,
GENERAL MOTORS CADILLAC SRX,
GENERAL MOTORS CADILLAC STS,
GENERAL MOTORS CADILLAC STS-V,
GENERAL MOTORS CADILLAC XLR,
GENERAL MOTORS CADILLAC XLR-V,
GENERAL MOTORS CADILLAC XT5,
GENERAL MOTORS CADILLAC XTS,
GENERAL MOTORS CAPTIVA,
GENERAL MOTORS CAPTIVA MAXX,
GENERAL MOTORS CAVALIER,
GENERAL MOTORS CHEVINIVA,
GENERAL MOTORS CHEVIVIVA,
GENERAL MOTORS CHEVROLET,
GENERAL MOTORS CHEVROLET AGILE,
GENERAL MOTORS CHEVROLET ASTRA,
GENERAL MOTORS CHEVROLET ASTRO,
GENERAL MOTORS CHEVROLET AVALANCHE,
GENERAL MOTORS CHEVROLET AVEO,
GENERAL MOTORS CHEVROLET BEAT,
GENERAL MOTORS CHEVROLET BERETTA,
GENERAL MOTORS CHEVROLET BLAZER,
GENERAL MOTORS CHEVROLET BOLT,
GENERAL MOTORS CHEVROLET C/K PICKUP,
GENERAL MOTORS CHEVROLET CAMARO,
GENERAL MOTORS CHEVROLET CAPRICE,
GENERAL MOTORS CHEVROLET CAPTIVA,
GENERAL MOTORS CHEVROLET CAVALIER,
GENERAL MOTORS CHEVROLET CELTA,
GENERAL MOTORS CHEVROLET CHEVY,
GENERAL MOTORS CHEVROLET CHEYENNE,
GENERAL MOTORS CHEVROLET CLASSIC,
GENERAL MOTORS CHEVROLET COBALT,
GENERAL MOTORS CHEVROLET COLORADO,
GENERAL MOTORS CHEVROLET CORSA,
GENERAL MOTORS CHEVROLET CORSICA,
GENERAL MOTORS CHEVROLET CORVETTE,
GENERAL MOTORS CHEVROLET CRUZE,
GENERAL MOTORS CHEVROLET CSV CR8,
GENERAL MOTORS CHEVROLET EPICA,
GENERAL MOTORS CHEVROLET EQUINOX,
GENERAL MOTORS CHEVROLET EXPRESS,
GENERAL MOTORS CHEVROLET HHR,
GENERAL MOTORS CHEVROLET IMPALA,
GENERAL MOTORS CHEVROLET JIMMY,
GENERAL MOTORS CHEVROLET KODIAK,
GENERAL MOTORS CHEVROLET LOVA,
GENERAL MOTORS CHEVROLET LUMINA,
GENERAL MOTORS CHEVROLET MALIBU,
GENERAL MOTORS CHEVROLET MALIBU XL,
GENERAL MOTORS CHEVROLET MATIZ,
GENERAL MOTORS CHEVROLET MERIVA,
GENERAL MOTORS CHEVROLET MONTANA,
GENERAL MOTORS CHEVROLET NOVA,
GENERAL MOTORS CHEVROLET OMEGA,
GENERAL MOTORS CHEVROLET ONIX,
GENERAL MOTORS CHEVROLET OPTRA,
GENERAL MOTORS CHEVROLET ORLANDO,
GENERAL MOTORS CHEVROLET PRISMA,
GENERAL MOTORS CHEVROLET S10,
GENERAL MOTORS CHEVROLET SAIL U-VA,
GENERAL MOTORS CHEVROLET SILVERADO,
GENERAL MOTORS CHEVROLET SONIC,
GENERAL MOTORS CHEVROLET SPARK,
GENERAL MOTORS CHEVROLET SPIN,
GENERAL MOTORS CHEVROLET SPRINT,
GENERAL MOTORS CHEVROLET SS,
GENERAL MOTORS CHEVROLET SSR,
GENERAL MOTORS CHEVROLET SUBURBAN,
GENERAL MOTORS CHEVROLET TAHOE,
GENERAL MOTORS CHEVROLET TAVERA,
GENERAL MOTORS CHEVROLET TORNADO,
GENERAL MOTORS CHEVROLET TRAVERSE,
GENERAL MOTORS CHEVROLET TRAX,
GENERAL MOTORS CHEVROLET UPLANDER,
GENERAL MOTORS CHEVROLET VECTRA,
GENERAL MOTORS CHEVROLET VENTURE,
GENERAL MOTORS CHEVROLET VOLT,
GENERAL MOTORS CHEVROLET ZAFIRA,
GENERAL MOTORS CT4,
GENERAL MOTORS CT5,
GENERAL MOTORS CT6,
GENERAL MOTORS DELTA,
GENERAL MOTORS EPICA,
GENERAL MOTORS EQUINOX,
GENERAL MOTORS GEO METRO,
GENERAL MOTORS GEO PRIZM,
GENERAL MOTORS GEO SPECTRUM,
GENERAL MOTORS GEO STORM,
GENERAL MOTORS GEO TRACKER,
GENERAL MOTORS GMC CANYON,
GENERAL MOTORS GMC DENALI,
GENERAL MOTORS GMC DENALI XL,
GENERAL MOTORS GMC ENVOY,
GENERAL MOTORS GMC JIMMY,
GENERAL MOTORS GMC S-15,
GENERAL MOTORS GMC SAFARI,
GENERAL MOTORS GMC SAVANNA,
GENERAL MOTORS GMC SIERRA,
GENERAL MOTORS GMC SONOMA,
GENERAL MOTORS GMC TERRAIN,
GENERAL MOTORS GMC TOPKICK,
GENERAL MOTORS GMC VANDURA,
GENERAL MOTORS GMC YUKON,
GENERAL MOTORS GMC YUKON XL,
GENERAL MOTORS HEAVY DUTY TRUCK,
GENERAL MOTORS HUMMER,
GENERAL MOTORS HUMMER H2,
GENERAL MOTORS HUMMER H3,
GENERAL MOTORS HUMMER H3T,
GENERAL MOTORS JIMMY,
GENERAL MOTORS LAV,
GENERAL MOTORS MALIBU,
GENERAL MOTORS MATIZ,
GENERAL MOTORS MEDIUM DUTY TRUCK,
GENERAL MOTORS OLDSMOBILE,
GENERAL MOTORS OLDSMOBILE BRAVADA,
GENERAL MOTORS OLDSMOBILE CALAIS,
GENERAL MOTORS OLDSMOBILE CUTLASS,
GENERAL MOTORS OLDSMOBILE DELTA 88,
GENERAL MOTORS OLDSMOBILE INTRIGUE,
GENERAL MOTORS OLDSMOBILE REGENCY,
GENERAL MOTORS ONIX,
GENERAL MOTORS OPEL,
GENERAL MOTORS PONTIAC,
GENERAL MOTORS PONTIAC AZTEK,
GENERAL MOTORS PONTIAC BONNEVILLE,
GENERAL MOTORS PONTIAC FIERO,
GENERAL MOTORS PONTIAC FIREBIRD,
GENERAL MOTORS PONTIAC FIREFLY,
GENERAL MOTORS PONTIAC G2,
GENERAL MOTORS PONTIAC G3,
GENERAL MOTORS PONTIAC G5,
GENERAL MOTORS PONTIAC G6,
GENERAL MOTORS PONTIAC G8,
GENERAL MOTORS PONTIAC GRAND AM,
GENERAL MOTORS PONTIAC GRAND PRIX,
GENERAL MOTORS PONTIAC GTO,
GENERAL MOTORS PONTIAC LEMANS,
GENERAL MOTORS PONTIAC MONTANA,
GENERAL MOTORS PONTIAC MONZA,
GENERAL MOTORS PONTIAC PURSUIT,
GENERAL MOTORS PONTIAC SOLSTICE,
GENERAL MOTORS PONTIAC SUNBIRD,
GENERAL MOTORS PONTIAC SUNFIRE,
GENERAL MOTORS PONTIAC TORRENT,
GENERAL MOTORS PONTIAC TRANS AM,
GENERAL MOTORS PONTIAC TRANS SPORT,
GENERAL MOTORS PONTIAC VIBE,
GENERAL MOTORS PONTIAC WAVE,
GENERAL MOTORS RALLY,
GENERAL MOTORS SATURN,
GENERAL MOTORS SATURN ION,
GENERAL MOTORS SATURN L-SERIES,
GENERAL MOTORS SATURN OUTLOOK,
GENERAL MOTORS SATURN RELAY,
GENERAL MOTORS SATURN S-SERIES,
GENERAL MOTORS SATURN SKY,
GENERAL MOTORS SATURN VUE,
GENERAL MOTORS SIERRA,
GENERAL MOTORS SL,
GENERAL MOTORS SL1 SEDAN,
GENERAL MOTORS SL2 SEDAN,
GENERAL MOTORS SONIC,
GENERAL MOTORS SPARK,
GENERAL MOTORS SPRINGO,
GENERAL MOTORS TOPKICK,
GENERAL MOTORS TRAILBLAZER,
GENERAL MOTORS XT4,
GREATWALL AUTO C30,
GREATWALL AUTO C50,
GREATWALL AUTO COWRY,
GREATWALL AUTO DEER,
GREATWALL AUTO DEER G3,
GREATWALL AUTO DEER G5,
GREATWALL AUTO FLORID,
GREATWALL AUTO GWPERI,
GREATWALL AUTO GWPERT,
GREATWALL AUTO HAVAL,
GREATWALL AUTO HAVAL F5,
GREATWALL AUTO HAVAL F7,
GREATWALL AUTO HAVAL H1,
GREATWALL AUTO HAVAL H2,
GREATWALL AUTO HAVAL H2S,
GREATWALL AUTO HAVAL H4,
GREATWALL AUTO HAVAL H5,
GREATWALL AUTO HAVAL H6,
GREATWALL AUTO HAVAL H7,
GREATWALL AUTO HAVAL H9,
GREATWALL AUTO HOVER,
GREATWALL AUTO HOVER H3,
GREATWALL AUTO HOVER M1,
GREATWALL AUTO HOVER M4,
GREATWALL AUTO M4,
GREATWALL AUTO PEGASUS,
GREATWALL AUTO PERI,
GREATWALL AUTO PICKUP,
GREATWALL AUTO SA220,
GREATWALL AUTO SAFE,
GREATWALL AUTO SAILOR,
GREATWALL AUTO SING,
GREATWALL AUTO SOCOOL,
GREATWALL AUTO STEED,
GREATWALL AUTO SUV G5,
GREATWALL AUTO VOLEEX C10,
GREATWALL AUTO VOLEEX C20R,
GREATWALL AUTO VOLEEX C30,
GREATWALL AUTO VOLEEX C50,
GREATWALL AUTO VSERIES,
GREATWALL AUTO WEY VV5,
GREATWALL AUTO WEY VV6,
GREATWALL AUTO WEY VV7,
GREATWALL AUTO WINGLE,
GREATWALL AUTO XSERIES,
HAFEI LOBO/BRIO,
HAFEI MINYI,
HAFEI SAIBAO/PRINCIP,
HAFEI SAIMA/SIMBO,
HARLEY-DAVIDSON 1200,
HARLEY-DAVIDSON 1200 CUSTOM,
HARLEY-DAVIDSON 1200 LOW,
HARLEY-DAVIDSON 1200 NIGHTSTER,
HARLEY-DAVIDSON 1200 ROADSTER,
HARLEY-DAVIDSON 883,
HARLEY-DAVIDSON 883 CUSTOM,
HARLEY-DAVIDSON 883R,
HARLEY-DAVIDSON CUSTOM,
HARLEY-DAVIDSON DELUXE,
HARLEY-DAVIDSON DEUCE,
HARLEY-DAVIDSON FAT BOY,
HARLEY-DAVIDSON FORTY-EIGHT,
HARLEY-DAVIDSON HERITAGE SOFTAIL CLS,
HARLEY-DAVIDSON HERITAGE SPRINGER,
HARLEY-DAVIDSON LOW RIDER,
HARLEY-DAVIDSON NIGHT ROAD,
HARLEY-DAVIDSON NIGHTSTER,
HARLEY-DAVIDSON ROAD GLIDE,
HARLEY-DAVIDSON ROAD KING CLASSIC,
HARLEY-DAVIDSON SPRINGER,
HARLEY-DAVIDSON V-ROAD,
HARLEY-DAVIDSON VRSCDX NIGHT ROD,
HARLEY-DAVIDSON WIDE GLIDE,
HARLEY-DAVIDSON XR1200,
HOLDEN ACCLAIM,
HOLDEN ADVENTRA,
HOLDEN APOLLO,
HOLDEN ASTRA,
HOLDEN ASTRA CONVERTIBLE,
HOLDEN ASTRA RS,
HOLDEN ASTRA SRI,
HOLDEN ASTRA TWINTOP,
HOLDEN BARINA,
HOLDEN BARINA SPARK,
HOLDEN BERLINA,
HOLDEN CALAIS,
HOLDEN CALIBRA,
HOLDEN CAMIRA,
HOLDEN CAPRICE,
HOLDEN CAPTIVA,
HOLDEN CAPTIVA MAXX,
HOLDEN CASCADA,
HOLDEN CLUB SPORT,
HOLDEN COLORADO,
HOLDEN COMBO,
HOLDEN COMMODORE,
HOLDEN COMMODORE UTE,
HOLDEN CREWMAN,
HOLDEN CRUZE,
HOLDEN CRUZE WAGON,
HOLDEN EPICA,
HOLDEN EQUINOX,
HOLDEN EXECUTIVE,
HOLDEN EXECUTIVE COMMODORE,
HOLDEN FRONTERA,
HOLDEN GTS,
HOLDEN HSV,
HOLDEN INSIGNIA,
HOLDEN JACKAROO,
HOLDEN JD,
HOLDEN JK,
HOLDEN LEXCEN,
HOLDEN LF,
HOLDEN LG NOVA,
HOLDEN LUMINA,
HOLDEN MALIBU,
HOLDEN MONARO,
HOLDEN NOVA,
HOLDEN RODEO,
HOLDEN SENATOR,
HOLDEN SL COMMODORE,
HOLDEN SPARK,
HOLDEN STATESMAN,
HOLDEN TIGRA,
HOLDEN TRAILBLAZER,
HOLDEN TRAX,
HOLDEN UTE,
HOLDEN V2 MONARO,
HOLDEN VC COMMODORE,
HOLDEN VECTRA,
HOLDEN VECTRA EQUIPE,
HOLDEN VG UTE,
HOLDEN VIVA,
HOLDEN VL CALAIS,
HOLDEN VL COMMODORE,
HOLDEN VL STATESMAN,
HOLDEN VN BERLINA,
HOLDEN VN CALAIS,
HOLDEN VN COMMODORE,
HOLDEN VN SLC,
HOLDEN VOLT,
HOLDEN VP COMMODORE,
HOLDEN VR COMMODORE,
HOLDEN VR STATESMAN,
HOLDEN VS CAPRICE,
HOLDEN VS COMMODORE,
HOLDEN VS COMMODORE BUMPER,
HOLDEN VS STATESMAN,
HOLDEN VS UTE,
HOLDEN VT CALAIS,
HOLDEN VT COMMODORE,
HOLDEN VT UTE,
HOLDEN VU,
HOLDEN VU COUPE,
HOLDEN VX CAPRICE,
HOLDEN VX COMMODORE,
HOLDEN VX COMMODORE ACCLAIM,
HOLDEN VX COMMODORE BERLINA,
HOLDEN VX COMMODORE CALAIS,
HOLDEN VX COMMODORE LUMINA,
HOLDEN VX COMMODORE MONARO,
HOLDEN VX COMMODORE S,
HOLDEN VX COMMODORE SS,
HOLDEN VX COMMODORE UTE,
HOLDEN VX STATESMAN,
HOLDEN VXR,
HOLDEN VY ACCLAIM,
HOLDEN VY BERLINA,
HOLDEN VY CALAIS,
HOLDEN VY COMMODORE,
HOLDEN VY EXECUTIVE,
HOLDEN VZ ACCLAIM,
HOLDEN VZ AWD,
HOLDEN VZ BERLINA,
HOLDEN VZ CALAIS,
HOLDEN VZ COMMODORE,
HOLDEN VZ EXECUTIVE,
HOLDEN VZ HSV,
HOLDEN VZ MONARO,
HOLDEN WH CAPRICE,
HOLDEN WK CAPRICE,
HOLDEN WK STATESMAN,
HOLDEN ZAFIRA,
HONDA ACCORD,
HONDA ACCORD 4 DOOR,
HONDA ACCORD COUPE,
HONDA ACCORD CROSSTOUR,
HONDA ACCORD EU,
HONDA ACCORD EURO,
HONDA ACCORD HYBRID,
HONDA ACCORD TOURER,
HONDA ACCORD WAGON,
HONDA ACTY,
HONDA AIRWAVE,
HONDA AMAZE,
HONDA AVANCIER,
HONDA BR-V,
HONDA BRIO,
HONDA BRIO AMAZE,
HONDA CAPA,
HONDA CIELO,
HONDA CIIMO,
HONDA CITY,
HONDA CITY ZX,
HONDA CIVIC,
HONDA CIVIC 3DR,
HONDA CIVIC 4DR,
HONDA CIVIC 5DR,
HONDA CIVIC AERO DECK,
HONDA CIVIC COUPE,
HONDA CIVIC EU,
HONDA CIVIC HATCHBACK,
HONDA CIVIC HYBRID,
HONDA CIVIC JC,
HONDA CIVIC TOURER,
HONDA CIVIC TYPE R,
HONDA CLARITY,
HONDA CLARITY PHEV,
HONDA CONCERTO,
HONDA COUNTRY,
HONDA CR-V,
HONDA CR-V EU,
HONDA CR-Z,
HONDA CRIDER,
HONDA CROSSROAD,
HONDA CROSSTOUR,
HONDA CRX,
HONDA DEL SOL,
HONDA DOMANI,
HONDA EDIX,
HONDA ELECTRIC VEHICLE,
HONDA ELEMENT,
HONDA ELYSION,
HONDA EVERUS S1,
HONDA FCV,
HONDA FCX,
HONDA FCX CLARITY,
HONDA FIT,
HONDA FIT ARIA,
HONDA FIT ATRIA,
HONDA FIT EV,
HONDA FIT SHUTTLE,
HONDA FR-V,
HONDA FREED,
HONDA GIENIA,
HONDA GLOBAL HYBRID,
HONDA GRACE,
HONDA GRACE IMA,
HONDA GREIZ,
HONDA HR-V,
HONDA INSIGHT,
HONDA INSPIRE,
HONDA INTEGRA,
HONDA INTEGRA TYPE R,
HONDA JADE,
HONDA JAZZ,
HONDA JAZZ IMA,
HONDA LAGREAT,
HONDA LEGEND,
HONDA LEGREAT,
HONDA LIFE,
HONDA LOGO,
HONDA MDX,
HONDA MOBILIO,
HONDA MOBILIO SPIKE,
HONDA N BOX,
HONDA N CHOP,
HONDA N ONE,
HONDA N-BOX SLASH,
HONDA N-VAN,
HONDA N-WGN,
HONDA N-WGN CUSTOM,
HONDA NSX,
HONDA ODYSSEY,
HONDA ORTHIA,
HONDA PARTNER,
HONDA PASSPORT,
HONDA PILOT,
HONDA PRELUDE,
HONDA RIDGELINE,
HONDA S2000,
HONDA S660,
HONDA SABER,
HONDA SHUTTLE,
HONDA SMX,
HONDA SPIKE,
HONDA SPIRIOR,
HONDA STEP WAGON,
HONDA STREAM,
HONDA THAT'S,
HONDA TORNEO,
HONDA VAMOS,
HONDA VEZEL,
HONDA VIGOR,
HONDA WAGON,
HONDA WR-V,
HONDA XR-V,
HONDA Z,
HONDA ZEST,
HONDA MOTO AFRICA,
HONDA MOTO BLACKBIRD,
HONDA MOTO CB 1300,
HONDA MOTO CB 250,
HONDA MOTO CBR 1000F,
HONDA MOTO CBR 1100,
HONDA MOTO CBR 1100XX,
HONDA MOTO CBR 600,
HONDA MOTO CBR 600 FT,
HONDA MOTO CBR 600F,
HONDA MOTO CBR 900 FIREBLADE,
HONDA MOTO CBR 900 URBAN TIGER,
HONDA MOTO DEAUVILLE,
HONDA MOTO DOMINATOR,
HONDA MOTO DOMINATOR 650,
HONDA MOTO FIREBLADE,
HONDA MOTO FIRESTORM,
HONDA MOTO GOLDWING,
HONDA MOTO HORNET 600,
HONDA MOTO HRC,
HONDA MOTO NSR 125-R,
HONDA MOTO NTV 650,
HONDA MOTO PAN EUROPEAN,
HONDA MOTO REBEL 125,
HONDA MOTO REVEL,
HONDA MOTO REVERE,
HONDA MOTO SHADOW,
HONDA MOTO TRANSALP,
HONDA MOTO VFR 750,
HONDA MOTO VFR 800 FI,
HONDA MOTO VTR 1000,
HONDA MOTO XL 1000 VARADERO,
HONDA MOTO XRM,
HUMMER H1,
HUMMER H2,
HUMMER H3,
HUMMER H3T,
HUMMER HUMMER,
HYUNDAI 1T TRUCK,
HYUNDAI ACCENT,
HYUNDAI ACCENT VIVA,
HYUNDAI AMICA,
HYUNDAI ASLAN,
HYUNDAI ATOS,
HYUNDAI ATOS PRIME,
HYUNDAI ATOZ,
HYUNDAI AURA,
HYUNDAI AVANTE,
HYUNDAI AVANTE XD,
HYUNDAI AVEGA,
HYUNDAI AZERA,
HYUNDAI BAYON,
HYUNDAI CARSTAR,
HYUNDAI CELESTA,
HYUNDAI CENTENNIAL,
HYUNDAI CHORUS,
HYUNDAI CLICK,
HYUNDAI COUNTY,
HYUNDAI COUPE,
HYUNDAI CRETA,
HYUNDAI DYNASTY,
HYUNDAI EF SONATA,
HYUNDAI ELANTRA,
HYUNDAI ELANTRA GT,
HYUNDAI ELANTRA TOURING,
HYUNDAI ELITE I20,
HYUNDAI ENCINO,
HYUNDAI ENTOURAGE,
HYUNDAI EON,
HYUNDAI EQ900,
HYUNDAI EQUUS,
HYUNDAI EXCEL,
HYUNDAI FLUIDIC VERNA,
HYUNDAI G80,
HYUNDAI G90,
HYUNDAI GALLOPER,
HYUNDAI GENESIS,
HYUNDAI GENESIS COUPE,
HYUNDAI GENESIS G70,
HYUNDAI GENESIS G80 SPORTS,
HYUNDAI GENESIS GV70,
HYUNDAI GENESIS GV80,
HYUNDAI GETZ,
HYUNDAI GETZ CROSS,
HYUNDAI GRACE,
HYUNDAI GRAND AVEGA,
HYUNDAI GRAND I10,
HYUNDAI GRAND I10 NIOS,
HYUNDAI GRAND SANTA FE,
HYUNDAI GRAND STAREX,
HYUNDAI GRANDEUR,
HYUNDAI GRANDEUR XG,
HYUNDAI H-1,
HYUNDAI H-100,
HYUNDAI H-150,
HYUNDAI H-200,
HYUNDAI H-300,
HYUNDAI H-350,
HYUNDAI H250/350,
HYUNDAI HB20,
HYUNDAI HD 65/72,
HYUNDAI HD SERIES,
HYUNDAI I MAX,
HYUNDAI I10,
HYUNDAI I20,
HYUNDAI I20 ACTIVE,
HYUNDAI I30,
HYUNDAI I30 CROSSWAGON,
HYUNDAI I30 N,
HYUNDAI I35,
HYUNDAI I40,
HYUNDAI I45,
HYUNDAI I55,
HYUNDAI I800,
HYUNDAI ILOAD,
HYUNDAI IONIQ,
HYUNDAI IONIQ 5,
HYUNDAI IX20,
HYUNDAI IX25,
HYUNDAI IX35,
HYUNDAI IX55,
HYUNDAI JOICE,
HYUNDAI KONA,
HYUNDAI LAFESTA,
HYUNDAI LANTRA,
HYUNDAI LANTRA COUPE,
HYUNDAI LAVITA,
HYUNDAI LIBERO,
HYUNDAI MARCIA,
HYUNDAI MATRIX,
HYUNDAI MAXCRUZ,
HYUNDAI MIGHTY,
HYUNDAI MISTRA,
HYUNDAI NEXO,
HYUNDAI NF YUXIANG,
HYUNDAI PALISADE,
HYUNDAI PONY,
HYUNDAI PONY EXCEL,
HYUNDAI PORTER,
HYUNDAI PORTER II,
HYUNDAI PRESTO,
HYUNDAI REFINE,
HYUNDAI ROHENS,
HYUNDAI RV,
HYUNDAI SANTA FE,
HYUNDAI SANTAMO,
HYUNDAI SANTRO,
HYUNDAI SANTRO XING,
HYUNDAI SATELLITE,
HYUNDAI SCOUPE,
HYUNDAI SHEHZOR,
HYUNDAI SOLARIS,
HYUNDAI SOLATI,
HYUNDAI SONATA,
HYUNDAI SONATA HYBRID,
HYUNDAI SONATA II,
HYUNDAI SONATA III,
HYUNDAI SONATA PHEV,
HYUNDAI STAREX,
HYUNDAI STELLAR,
HYUNDAI TB,
HYUNDAI TERRACAN,
HYUNDAI TIBURON,
HYUNDAI TRAGO,
HYUNDAI TRAJET,
HYUNDAI TRAJET XG,
HYUNDAI TRUCK,
HYUNDAI TUCSON,
HYUNDAI TUCSON IX,
HYUNDAI TUSCANI,
HYUNDAI VELOSTER,
HYUNDAI VENUE,
HYUNDAI VERACRUZ,
HYUNDAI VERNA,
HYUNDAI X2,
HYUNDAI XCENT,
HYUNDAI XG,
HYUNDAI XG GRANDEUR,
HYUNDAI XG300,
HYUNDAI XG350,
INFINITI ESQ,
INFINITI EX,
INFINITI EX35,
INFINITI EX37,
INFINITI FX,
INFINITI FX35,
INFINITI FX37,
INFINITI FX45,
INFINITI FX50,
INFINITI G SERIES,
INFINITI G20,
INFINITI G25,
INFINITI G35,
INFINITI G35 COUPE,
INFINITI G37,
INFINITI G37 CONVERTIBLE,
INFINITI G37 COUPE,
INFINITI G37S,
INFINITI I30,
INFINITI I35,
INFINITI INFINITI,
INFINITI J30,
INFINITI JX,
INFINITI M35,
INFINITI M37,
INFINITI M45,
INFINITI M56,
INFINITI Q30,
INFINITI Q40,
INFINITI Q45,
INFINITI Q50,
INFINITI Q60,
INFINITI Q70,
INFINITI QX,
INFINITI QX30,
INFINITI QX4,
INFINITI QX50,
INFINITI QX56,
INFINITI QX60,
INFINITI QX70,
INFINITI QX80,
ISUZU ALL MODELS,
ISUZU AMIGO,
ISUZU ASCENDER,
ISUZU AXIOM,
ISUZU BIG HORN,
ISUZU BIGHORN,
ISUZU BRAVA,
ISUZU COUPE,
ISUZU CROSSWIND,
ISUZU D-MAX,
ISUZU DMAX,
ISUZU ELF,
ISUZU F SERIE,
ISUZU F-SERIES,
ISUZU FUEGO,
ISUZU HEAVY DUTY TRUCK,
ISUZU HIGHLANDER,
ISUZU HILANDER,
ISUZU HOMBRE,
ISUZU I MARK,
ISUZU I-280,
ISUZU I-290,
ISUZU I-350,
ISUZU I-370,
ISUZU I280,
ISUZU I290,
ISUZU I350,
ISUZU I370,
ISUZU IMPULSE,
ISUZU JJ,
ISUZU JR,
ISUZU JT,
ISUZU MIDI,
ISUZU MONTEREY,
ISUZU MU-X,
ISUZU N MODEL-ISUZU JAPAN,
ISUZU N SERIE,
ISUZU NHR69,
ISUZU NKR ISUZU JAPAN,
ISUZU NPR COMMERCIAL TRUCK,
ISUZU NQR COMMERCIAL TRUCK,
ISUZU OASIS,
ISUZU PANTHER,
ISUZU PICK UP,
ISUZU PICK UP TRUCK,
ISUZU PICK-UP,
ISUZU RODEO,
ISUZU RODEO SPORT,
ISUZU SEDAN,
ISUZU STYLUS,
ISUZU TF,
ISUZU TFR,
ISUZU TFS,
ISUZU TROOPER,
ISUZU TRUCK,
ISUZU UBS,
ISUZU UC,
ISUZU UCR,
ISUZU VAN,
ISUZU VEHICROSS,
ISUZU WF,
ISUZU WIZARD,
IVECO DAILY,
IVECO DUCATO,
IVECO MASSIF,
IVECO STRALIS,
IVECO TRAKKER,
JAC MOTORS JAC IEV,
JAC MOTORS REFINE S3,
JAGUAR E-PACE,
JAGUAR F-PACE,
JAGUAR F-TYPE,
JAGUAR I-PACE,
JAGUAR INSIGNIA,
JAGUAR S-TYPE,
JAGUAR SOVEREIGN,
JAGUAR UNKNOWN,
JAGUAR VANDEN PLAS,
JAGUAR X.TYPE,
JAGUAR X100,
JAGUAR X200,
JAGUAR X300,
JAGUAR X350,
JAGUAR X351,
JAGUAR X400,
JAGUAR XE,
JAGUAR XF SERIES,
JAGUAR XFL,
JAGUAR XFR,
JAGUAR XJ SERIES,
JAGUAR XJ6,
JAGUAR XJ8,
JAGUAR XJL,
JAGUAR XJR,
JAGUAR XK SERIES,
JAGUAR XK8,
JAGUAR XKR,
KAWASAKI MOTO ER6N,
KAWASAKI MOTO GPX,
KAWASAKI MOTO GPX 600R,
KAWASAKI MOTO GPZ 600,
KAWASAKI MOTO KLE 500,
KAWASAKI MOTO VULCAN,
KAWASAKI MOTO Z 1000,
KAWASAKI MOTO Z 1000ST,
KAWASAKI MOTO Z 750,
KAWASAKI MOTO ZEPHIR 750,
KAWASAKI MOTO ZR 1000,
KAWASAKI MOTO ZRX 1100,
KAWASAKI MOTO ZX 10R,
KAWASAKI MOTO ZX 600F,
KAWASAKI MOTO ZX 6R,
KAWASAKI MOTO ZX 7R NINJA,
KAWASAKI MOTO ZX 9R,
KAWASAKI MOTO ZXR 750,
KAWASAKI MOTO ZZR,
KAWASAKI MOTO ZZR 1100,
KIA AM928,
KIA AMANTI,
KIA ASPIRE,
KIA AVELLA,
KIA AVELLA DELTA,
KIA BESTA,
KIA BONGO,
KIA BONGO FRONTIER,
KIA BONGO III,
KIA BORREGO,
KIA CADENZA,
KIA CAPITAL,
KIA CARENS,
KIA CARENS II,
KIA CARNIVAL,
KIA CARNIVAL II,
KIA CARSTAR,
KIA CASTA,
KIA CEED,
KIA CEED SW,
KIA CERATO,
KIA CERATO KOUP,
KIA CERES,
KIA CLARUS,
KIA COMBI,
KIA CONCORD,
KIA COSMOS,
KIA CREDOS,
KIA CREDOS II,
KIA E-SOUL,
KIA ELAN,
KIA ENTERPRISE,
KIA EURO STAR,
KIA EV6,
KIA FORTE,
KIA FORTE HYBRID,
KIA FORTE KOUP,
KIA FRONTIER,
KIA GRANBIRD,
KIA GRAND CARNIVAL,
KIA JOICE,
KIA K2,
KIA K2700,
KIA K3,
KIA K3000S,
KIA K300S,
KIA K3500,
KIA K3600,
KIA K3S,
KIA K4,
KIA K5,
KIA K7,
KIA K9,
KIA K900,
KIA KS3600,
KIA KX3,
KIA KX5,
KIA LOTZE,
KIA MAGENTIS,
KIA MENTOR,
KIA MOHAVE,
KIA MORNING,
KIA NIRO,
KIA OPIRUS,
KIA OPTIMA,
KIA OPTIMA HYBRID,
KIA OPTIMA REGAL,
KIA PAMAX,
KIA PEGAS,
KIA PICANTO,
KIA POTENTIA,
KIA POWER COMBI,
KIA PREGIO,
KIA PRIDE,
KIA PRIDE BETTA,
KIA PRO CEE'D,
KIA PROCEED,
KIA QIANLIMA,
KIA QUORIS,
KIA RAY,
KIA RETONA,
KIA RHINO,
KIA RIO,
KIA RONDO,
KIA SEDONA,
KIA SELTOS,
KIA SEPHIA,
KIA SEPHIA II,
KIA SHUMA,
KIA SOLUTO,
KIA SORENTO,
KIA SORENTO R,
KIA SOUL,
KIA SOUL EV,
KIA SPECTRA,
KIA SPORTAGE,
KIA SPORTAGE R,
KIA STINGER,
KIA STONIC,
KIA TELLURIDE,
KIA TITAN,
KIA TOPIC,
KIA TOWNER,
KIA TRADE,
KIA TRUCK,
KIA VENGA,
KIA VERNA,
KIA VISTO,
KIA VQ,
KIA X-TREK,
KIA XCEED,
KTM MOTO 950 ADVENTURE,
KTM MOTO ADVENTURE,
KTM MOTO DUKE,
LADA 2104,
LADA 2105,
LADA 2106,
LADA 2107,
LADA 2108,
LADA 2109,
LADA 2110,
LADA 2111,
LADA 2112,
LADA 21123 COUPE,
LADA 2113,
LADA 2114,
LADA 2115,
LADA 2131,
LADA 4X4,
LADA CHEVINIVA,
LADA GRAND,
LADA GRANTA,
LADA KALINA,
LADA KALINA CROSS,
LADA KALINA SPORT,
LADA LARGUS,
LADA NIVA,
LADA NOVA,
LADA PRIORA,
LADA SAMARA,
LADA SAMARA BALTIC,
LADA SPUTNIK,
LADA VESTA,
LADA X-RAY,
LAMBORGHINI AVENTADOR,
LAMBORGHINI DIABLO,
LAMBORGHINI GALLARDO,
LAMBORGHINI HURACAN,
LAMBORGHINI MURCIELAGO,
LAMBORGHINI MURCIÉLAGO,
LAMBORGHINI REVENTON,
LAMBORGHINI URUS,
LAND ROVER DEFENDER,
LAND ROVER DISCOVERY,
LAND ROVER DISCOVERY 3,
LAND ROVER DISCOVERY 4,
LAND ROVER DISCOVERY II,
LAND ROVER DISCOVERY SPORT,
LAND ROVER EVOQUE,
LAND ROVER FREELANDER,
LAND ROVER FREELANDER 2,
LAND ROVER LAND ROVER,
LAND ROVER LR2,
LAND ROVER LR3,
LAND ROVER LR4,
LAND ROVER LRX,
LAND ROVER RANGE ROVER,
LAND ROVER RANGE ROVER EVOQUE,
LAND ROVER RANGE ROVER SPORT,
LAND ROVER VELAR,
LAND ROVER VOGUE,
LDV D90,
LDV G10,
LDV T60,
LDV V80,
LEXUS CT200H,
LEXUS ES SERIES,
LEXUS ES250,
LEXUS ES300,
LEXUS ES300H,
LEXUS ES350,
LEXUS GS SERIES,
LEXUS GS250,
LEXUS GS300/400,
LEXUS GS350,
LEXUS GS430,
LEXUS GS450H,
LEXUS GS460,
LEXUS GSF,
LEXUS GX SERIES,
LEXUS GX460,
LEXUS GX470,
LEXUS HS SERIES,
LEXUS HS250H,
LEXUS IS SERIES,
LEXUS IS-F,
LEXUS IS200,
LEXUS IS200T,
LEXUS IS250,
LEXUS IS250C,
LEXUS IS300,
LEXUS IS300H,
LEXUS IS350,
LEXUS IS350C,
LEXUS LC SERIES,
LEXUS LC500,
LEXUS LC500H,
LEXUS LFA,
LEXUS LS SERIES,
LEXUS LS400 SERIES,
LEXUS LS460,
LEXUS LS500,
LEXUS LS500H,
LEXUS LS600H,
LEXUS LX SERIES,
LEXUS LX470,
LEXUS LX570,
LEXUS NX F SPORT,
LEXUS NX SERIES,
LEXUS NX200T,
LEXUS NX300H,
LEXUS RC F SERIES,
LEXUS RC SERIES,
LEXUS RC350,
LEXUS RCF,
LEXUS RX SERIES,
LEXUS RX200T,
LEXUS RX270,
LEXUS RX300,
LEXUS RX330,
LEXUS RX330/400 SERIES,
LEXUS RX350,
LEXUS RX400H,
LEXUS RX400H HYBRID,
LEXUS RX450H,
LEXUS SC SERIES,
LEXUS SC300/400 SERIES,
LEXUS SC430,
LEXUS SPORT CROSS,
LEXUS UX SERIES,
LIFAN LETU,
LIFAN SOLANO,
LIFAN X60,
LIGIER AMBRA,
LIGIER BE UP,
LIGIER J50,
LIGIER JS50,
LIGIER NOVA,
LONDON TAXI SL-1,
LONDON TAXI SX7,
LONDON TAXI TX4,
LOTUS 340R,
LOTUS ELISE,
LOTUS ESPRIT,
LOTUS EUROPA S,
LOTUS EVORA,
LOTUS EXIGE,
LOTUS LOTUS,
MAHINDRA ARMADA,
MAHINDRA BOLERO,
MAHINDRA GOA,
MAHINDRA LOGAN,
MAHINDRA NUVOSPORT,
MAHINDRA SCORPIO,
MAHINDRA TUV-300,
MAHINDRA XUV 500,
MAHINDRA XYLO,
MAN TGX,
MARUTI A-STAR,
MARUTI ALTO,
MARUTI ALTO 800,
MARUTI ALTO K10,
MARUTI BALENO,
MARUTI CELERIO,
MARUTI CIAZ,
MARUTI DZIRE,
MARUTI EECO,
MARUTI ERTIGA,
MARUTI ESTEEM,
MARUTI GRAND VITARA,
MARUTI GYPSY,
MARUTI IGNIS,
MARUTI MARUTI 800,
MARUTI OMNI,
MARUTI RITZ,
MARUTI S-CROSS,
MARUTI STINGRAY,
MARUTI SWIFT,
MARUTI SX4,
MARUTI VERSA,
MARUTI VITARA BREZZA,
MARUTI WAGON R,
MARUTI ZEN,
MARUTI ZEN ESTILO,
MASERATI 3200GT,
MASERATI BEETLE,
MASERATI BEETLE CABRIO,
MASERATI CAMBIOCORSA,
MASERATI COUPE,
MASERATI GHIBLI,
MASERATI GLI,
MASERATI GOLF,
MASERATI GRANCABRIO,
MASERATI GRANSPORT,
MASERATI GRANTURISMO,
MASERATI GT CONVERTIBLE,
MASERATI GTI,
MASERATI JETTA,
MASERATI LEVANTE,
MASERATI POLO,
MASERATI QUATTROPORTE,
MASERATI SHAMAL,
MASERATI SHARAN,
MASERATI SPYDER,
MASERATI TIGUAN,
MASERATI UP,
MATRA BAGHEERA,
MATRA RANCHO,
MAZDA 121,
MAZDA 121 EU,
MAZDA 2,
MAZDA 3,
MAZDA 323,
MAZDA 6,
MAZDA 626,
MAZDA 626 EU,
MAZDA 808,
MAZDA 929,
MAZDA ATENZA,
MAZDA AXELA,
MAZDA AZ-1,
MAZDA AZ-WAGON,
MAZDA B SERIES,
MAZDA B2000,
MAZDA B2300,
MAZDA B2500,
MAZDA B3000,
MAZDA BIANTE,
MAZDA BONGO,
MAZDA BRAVO,
MAZDA BT-50,
MAZDA CAPELLA,
MAZDA CAPELLA WAGON,
MAZDA CAROL,
MAZDA CX-3,
MAZDA CX-4,
MAZDA CX-5,
MAZDA CX-6,
MAZDA CX-7,
MAZDA CX-8,
MAZDA CX-9,
MAZDA DEMIO,
MAZDA E SERIES,
MAZDA EUNOS 500/XEDOS 6,
MAZDA EUNOS 800/XEDOS 9,
MAZDA FAMILIA,
MAZDA FIGHTER,
MAZDA FLAIR,
MAZDA FLAIR CROSSOVER,
MAZDA FLAIR WAGON,
MAZDA FREDA,
MAZDA FRIENDEE,
MAZDA GLC,
MAZDA HMC,
MAZDA LAPUTA,
MAZDA MAZDA2,
MAZDA MAZDA3,
MAZDA MAZDA5,
MAZDA MAZDA6,
MAZDA MAZDA6 WAGON,
MAZDA MAZDA8,
MAZDA MAZDASPEED 3,
MAZDA MAZDASPEED 6,
MAZDA MIATA,
MAZDA MILLENIA,
MAZDA MPV,
MAZDA MPV EU,
MAZDA MX-3,
MAZDA MX-30,
MAZDA MX-5,
MAZDA MX-6,
MAZDA NAVAJO,
MAZDA PRE,
MAZDA PREMACY,
MAZDA PROCEED,
MAZDA PROTEGE,
MAZDA REVUE,
MAZDA ROADSTER,
MAZDA RX2,
MAZDA RX3,
MAZDA RX4,
MAZDA RX7,
MAZDA RX8,
MAZDA SCRUM,
MAZDA SCRUM SERIES,
MAZDA SE,
MAZDA SENTIA,
MAZDA SPIANO,
MAZDA T SERIES,
MAZDA TITAN,
MAZDA TRIBUTE,
MAZDA TRUCK,
MAZDA VERISA,
MAZDA XEDOS,
MCLAREN MP4-12C,
MERCEDES 190,
MERCEDES 300,
MERCEDES 420SL,
MERCEDES 500SL,
MERCEDES A-KLASSE,
MERCEDES ACTROS,
MERCEDES AMG,
MERCEDES AMG G63,
MERCEDES AMG GT,
MERCEDES B-KLASSE,
MERCEDES C SPORTCOUPE,
MERCEDES C-KLASSE,
MERCEDES CABRIO,
MERCEDES CITAN,
MERCEDES CL-KLASSE,
MERCEDES CL65 AMG,
MERCEDES CLA-KLASSE,
MERCEDES CLC-KLASSE,
MERCEDES CLK-KLASSE,
MERCEDES CLS-KLASSE,
MERCEDES CLS55 AMG IWC,
MERCEDES CROSSFIRE,
MERCEDES E-KLASSE,
MERCEDES EQC,
MERCEDES EQS,
MERCEDES G-KLASSE,
MERCEDES G63 AMG,
MERCEDES G650,
MERCEDES GL-KLASSE,
MERCEDES GLA,
MERCEDES GLB,
MERCEDES GLB-KLASSE,
MERCEDES GLC,
MERCEDES GLE,
MERCEDES GLK,
MERCEDES GLS,
MERCEDES M-KLASSE,
MERCEDES MAYBACH,
MERCEDES MAYBACH PULLMAN,
MERCEDES MAYBACH S-CLASS,
MERCEDES METRIS,
MERCEDES ML-KLASSE,
MERCEDES MLC-KLASSE,
MERCEDES MOST MODELS,
MERCEDES R-KLASSE,
MERCEDES S-KLASSE,
MERCEDES S63 AMG,
MERCEDES S65 AMG,
MERCEDES SL-KLASSE,
MERCEDES SL63 AMG,
MERCEDES SLC,
MERCEDES SLK-KLASSE,
MERCEDES SLR-MCLAREN,
MERCEDES SLS,
MERCEDES SPRINTER,
MERCEDES TSX,
MERCEDES V-KLASSE,
MERCEDES VANEO,
MERCEDES VARIO,
MERCEDES VIANO,
MERCEDES VISION GTS,
MERCEDES VITO,
MERCEDES X-KLASSE,
MERCEDES TRUCKS ACTROS,
MERCEDES TRUCKS ATEGO,
MERCEDES TRUCKS MB 100,
MERCEDES TRUCKS SPRINTER,
MERCEDES TRUCKS VARIO,
MERCEDES TRUCKS VITO,
MG HS,
MG MG 3,
MG MG 5,
MG MG 6,
MG MG 7,
MG MG GS,
MG MG TF,
MG ZS,
MICROCAR M.GO,
MICROCAR MC1,
MICROCAR VIRGO,
MINI CABRIO,
MINI CLUBMAN,
MINI COLORADO,
MINI COOPER,
MINI COOPER 3-DOOR,
MINI COOPER CABRIO,
MINI COOPER CLUBMAN,
MINI COOPER CONVERTIBLE,
MINI COOPER COUNTRYMAN,
MINI COOPER COUPE,
MINI COOPER HARDTOP,
MINI COOPER PACEMAN,
MINI COOPER ROADSTER,
MINI COOPER S,
MINI COOPER S CABRIO,
MINI COOPER S CLUBMAN,
MINI COOPER S CONVERTIBLE,
MINI COOPER S COUNTRYMAN,
MINI COOPER S JCW,
MINI COOPER S PACEMAN,
MINI COOPER S ROADSTER,
MINI COOPER SD,
MINI COUNTRYMAN,
MINI CROSSOVER,
MINI JCW,
MINI JCW CLUBMAN,
MINI JCW COUNTRYMAN,
MINI JCW PACEMAN,
MINI JCW ROADSTER,
MINI MINI,
MINI MINI COOPER,
MINI MINI COUPE,
MINI MINI HATCH,
MINI MINI ONE,
MINI ONE,
MINI ONE 3-DOOR,
MINI ONE CABRIO,
MINI ONE CLUBMAN,
MINI ONE COUNTRYMAN,
MINI PACEMAN,
MINI RAY,
MINI ROADSTER,
MITSUBISHI 3000GT,
MITSUBISHI 380,
MITSUBISHI ADVENTURE,
MITSUBISHI AIRTREK,
MITSUBISHI ASPIRE,
MITSUBISHI ASX,
MITSUBISHI ATTRAGE,
MITSUBISHI BUS,
MITSUBISHI CANTER,
MITSUBISHI CARISMA,
MITSUBISHI CEDIA,
MITSUBISHI CHALLENGER,
MITSUBISHI CHARIOT,
MITSUBISHI CHARIOT GRANDIS,
MITSUBISHI COLT,
MITSUBISHI COLT CABRIOLET,
MITSUBISHI COLT CZC,
MITSUBISHI COLT PLUS,
MITSUBISHI CORDIA,
MITSUBISHI DEBONAIR,
MITSUBISHI DELICA,
MITSUBISHI DELICA D:2,
MITSUBISHI DELICA D:5,
MITSUBISHI DIAMANTE,
MITSUBISHI DIGNITY,
MITSUBISHI DINGO,
MITSUBISHI DION,
MITSUBISHI EAGLE TALON,
MITSUBISHI ECLIPSE,
MITSUBISHI ECLIPSE CROSS,
MITSUBISHI EK,
MITSUBISHI EK ACTIVE,
MITSUBISHI EK CLASSY,
MITSUBISHI EK CUSTOM,
MITSUBISHI EK SPACE,
MITSUBISHI EK SPACE CUSTOM,
MITSUBISHI EK SPORT,
MITSUBISHI EK WAGON,
MITSUBISHI EK X,
MITSUBISHI EK X SPACE,
MITSUBISHI ENDEAVOR,
MITSUBISHI EVOLUTION,
MITSUBISHI EXPO,
MITSUBISHI EXPRESS,
MITSUBISHI F.T.O.,
MITSUBISHI FORTIS,
MITSUBISHI FREECA,
MITSUBISHI FUSO,
MITSUBISHI G-WAGON,
MITSUBISHI G.T.O.,
MITSUBISHI GALANT,
MITSUBISHI GALLOPER,
MITSUBISHI GRANDIS,
MITSUBISHI GRUNDER (GALANT),
MITSUBISHI I,
MITSUBISHI I-MIEV,
MITSUBISHI JEEP,
MITSUBISHI KIZASHI,
MITSUBISHI KUDA,
MITSUBISHI L200,
MITSUBISHI L200 SPORTERO,
MITSUBISHI L300,
MITSUBISHI L400,
MITSUBISHI LANCER,
MITSUBISHI LANCER CEDIA,
MITSUBISHI LANCER COUPE,
MITSUBISHI LANCER EVOLUTION,
MITSUBISHI LANCER EX,
MITSUBISHI LANCER FORTIS,
MITSUBISHI LANCER MR COUPE,
MITSUBISHI LANCER SPORTBACK,
MITSUBISHI LEGNUM,
MITSUBISHI LIBERO,
MITSUBISHI MAGNA,
MITSUBISHI MAGNA SPORTS V6,
MITSUBISHI MAGNA VR-X,
MITSUBISHI MINICA,
MITSUBISHI MINICAB,
MITSUBISHI MINICAB TOWNBOX,
MITSUBISHI MIRAGE,
MITSUBISHI MIRAGE G4,
MITSUBISHI MONTERO,
MITSUBISHI MONTERO SPORT,
MITSUBISHI NATIVA,
MITSUBISHI NATIVE,
MITSUBISHI NIMBUS,
MITSUBISHI OUTLANDER,
MITSUBISHI OUTLANDER PHEV,
MITSUBISHI OUTLANDER SPORT,
MITSUBISHI PAJERO,
MITSUBISHI PAJERO IO,
MITSUBISHI PAJERO MINI,
MITSUBISHI PAJERO PININ,
MITSUBISHI PAJERO SPORT,
MITSUBISHI PRECIS,
MITSUBISHI PROUDIA,
MITSUBISHI RAIDER,
MITSUBISHI RALLIART LANCER,
MITSUBISHI ROSA,
MITSUBISHI RVR,
MITSUBISHI SANTAMO,
MITSUBISHI SAPPORO,
MITSUBISHI SAVRIN,
MITSUBISHI SHOGUN,
MITSUBISHI SIGMA,
MITSUBISHI SOLARA,
MITSUBISHI SPACE GEAR,
MITSUBISHI SPACE RUNNER,
MITSUBISHI SPACE STAR,
MITSUBISHI SPACE WAGON,
MITSUBISHI SPYDER,
MITSUBISHI STARION,
MITSUBISHI STARWAGON,
MITSUBISHI STATION WAGON,
MITSUBISHI STRADA,
MITSUBISHI STRADA 4WD,
MITSUBISHI STRADA G-WAGON,
MITSUBISHI TOPPO,
MITSUBISHI TOWN BOX,
MITSUBISHI TREDIA,
MITSUBISHI TRITON,
MITSUBISHI TRUCK,
MITSUBISHI UNKNOWN,
MITSUBISHI VALLEY,
MITSUBISHI VAN,
MITSUBISHI VARICA,
MITSUBISHI VERADA,
MITSUBISHI VIRAGE,
MITSUBISHI WAGON,
MITSUBISHI XPANDER,
MITSUBISHI ZINGER,
MITSUBISHI TRUCKS FIGHTER,
NISSAN 100NX,
NISSAN 1200 PICKUP,
NISSAN 180SX,
NISSAN 200SX,
NISSAN 210,
NISSAN 240SX,
NISSAN 260Z,
NISSAN 280ZX,
NISSAN 300ZX,
NISSAN 310,
NISSAN 350Z,
NISSAN 350Z ROADSTER,
NISSAN 370Z,
NISSAN 370Z ROADSTER,
NISSAN 510,
NISSAN 610,
NISSAN 620,
NISSAN 710,
NISSAN 720,
NISSAN 810,
NISSAN AD,
NISSAN AD VAN,
NISSAN ALMERA,
NISSAN ALMERA CLASSIC,
NISSAN ALMERA TINO,
NISSAN ALTIMA,
NISSAN ALTIMA COUPE,
NISSAN ALTIMA HYBRID,
NISSAN ALTRA EV,
NISSAN APRIO,
NISSAN ARMADA,
NISSAN ATLAS,
NISSAN ATLEON,
NISSAN AVENIR,
NISSAN AXXESS,
NISSAN BAKKIE 1400,
NISSAN BASSARA,
NISSAN BIG M,
NISSAN BIG TIIDA,
NISSAN BLUEBIRD,
NISSAN BLUEBIRD SYLPHY,
NISSAN CABSTAR,
NISSAN CARAVAN,
NISSAN CARGO,
NISSAN CEDRIC,
NISSAN CEFIRO,
NISSAN CIMA,
NISSAN CIVILIAN,
NISSAN CLIPPER,
NISSAN CREW,
NISSAN CUBE,
NISSAN D22,
NISSAN DATSUN,
NISSAN DATSUN REDI-GO,
NISSAN DAYS ROOX,
NISSAN DAYZ,
NISSAN DUALIS,
NISSAN E-NV200,
NISSAN ELF,
NISSAN ELGRAND,
NISSAN EVALIA,
NISSAN EX35,
NISSAN EXALTA,
NISSAN EXPERT,
NISSAN F SERIE,
NISSAN FAIRLADY Z,
NISSAN FAIRLADY Z ROADSTER,
NISSAN FENGSHEN,
NISSAN FIGARO,
NISSAN FRONTIER,
NISSAN FUGA,
NISSAN FX35,
NISSAN FX45,
NISSAN G20,
NISSAN GLORIA,
NISSAN GRAND LIVINA,
NISSAN GRANDEUR,
NISSAN GT-R,
NISSAN HARDBODY,
NISSAN HILANDER,
NISSAN HOMY,
NISSAN INTERSTAR,
NISSAN JUKE,
NISSAN JUNIOR,
NISSAN JX,
NISSAN KICKS,
NISSAN KING CAB,
NISSAN KIX,
NISSAN KUBISTAR,
NISSAN LAFESTA,
NISSAN LAFESTA HIGHWAY STAR,
NISSAN LANNIA,
NISSAN LARGO,
NISSAN LATIO,
NISSAN LAUREL,
NISSAN LEAF,
NISSAN LEPARD,
NISSAN LIBERTY,
NISSAN LIVINA,
NISSAN LIVINA GENISS,
NISSAN LUCINO,
NISSAN LUNESSA,
NISSAN M45,
NISSAN MARCH,
NISSAN MAXIMA,
NISSAN MAXIMA QX,
NISSAN MICRA,
NISSAN MICRA ACTIVE,
NISSAN MICRA C+C,
NISSAN MISTRAL,
NISSAN MOCO,
NISSAN MOST MAKES/MODELS,
NISSAN MURANO,
NISSAN MURANO CROSSCABRIOLT,
NISSAN NAVARA,
NISSAN NHR69,
NISSAN NISSAN PICKUP,
NISSAN NOTE,
NISSAN NP200,
NISSAN NP300 NAVARA,
NISSAN NPR COMMERCIAL TRUCK,
NISSAN NQR COMMERCIAL TRUCK,
NISSAN NV,
NISSAN NV100 CLIPPER LIO,
NISSAN NV200,
NISSAN NV300,
NISSAN NV350,
NISSAN NV400,
NISSAN NX,
NISSAN OTTI,
NISSAN PALADIN,
NISSAN PATHFINDER,
NISSAN PATROL,
NISSAN PINO,
NISSAN PIXO,
NISSAN PLATINA,
NISSAN PRAIRIE,
NISSAN PRESAGE,
NISSAN PRESEA,
NISSAN PRESIDENT,
NISSAN PRIMASTAR,
NISSAN PRIMERA,
NISSAN PULSAR,
NISSAN Q60,
NISSAN QASHQAI,
NISSAN QUEST,
NISSAN QX,
NISSAN QX60,
NISSAN RASHEEN,
NISSAN RNESSA,
NISSAN ROGUE,
NISSAN ROOX,
NISSAN SAFARI,
NISSAN SEDAN,
NISSAN SENTRA,
NISSAN SERENA,
NISSAN SILVIA,
NISSAN SKYLINE,
NISSAN SKYLINE CROSSOVER,
NISSAN STAGEA,
NISSAN STANZA,
NISSAN SUNNY,
NISSAN SUNNY NEO,
NISSAN SX SERIE,
NISSAN SYLPHY,
NISSAN TEANA,
NISSAN TERRANO,
NISSAN TERRANO II,
NISSAN TIIDA,
NISSAN TIIDA LATIO,
NISSAN TINO,
NISSAN TITAN,
NISSAN TONE,
NISSAN TRADE,
NISSAN TRUCK,
NISSAN TSUBAME,
NISSAN TSURU,
NISSAN URVAN,
NISSAN VANETTE,
NISSAN VERSA,
NISSAN WINGROAD,
NISSAN X-TRAIL,
NISSAN XTERRA,
NISSAN S.AFRICA 200SX,
NISSAN S.AFRICA 240SX,
NISSAN S.AFRICA 300ZX,
NISSAN S.AFRICA ALMERA,
NISSAN S.AFRICA ALMERA TINO,
NISSAN S.AFRICA ALTIMA,
NISSAN S.AFRICA BLUEBIRD SYLPHY,
NISSAN S.AFRICA CEDRIC,
NISSAN S.AFRICA DATSUN,
NISSAN S.AFRICA KING CAB,
NISSAN S.AFRICA MICRA,
NISSAN S.AFRICA NISSAN PICKUP,
NISSAN S.AFRICA PATHFINDER,
NISSAN S.AFRICA PATROL,
NISSAN S.AFRICA PRIMERA,
NISSAN S.AFRICA SERENA,
NISSAN S.AFRICA SUNNY,
NISSAN S.AFRICA TERRANO,
NISSAN S.AFRICA TERRANO II,
NISSAN S.AFRICA VANETTE,
OPEL/VAUXHALL ADAM,
OPEL/VAUXHALL ADAM ROCKS,
OPEL/VAUXHALL AGILA,
OPEL/VAUXHALL AMPERA,
OPEL/VAUXHALL AMPERA-E,
OPEL/VAUXHALL ANTARA,
OPEL/VAUXHALL ARENA,
OPEL/VAUXHALL ASCONA,
OPEL/VAUXHALL ASTRA,
OPEL/VAUXHALL ASTRA CABRIO,
OPEL/VAUXHALL ASTRA CONVERTIBLE,
OPEL/VAUXHALL ASTRA COUPE,
OPEL/VAUXHALL ASTRA OPC,
OPEL/VAUXHALL ASTRA TWINTOP,
OPEL/VAUXHALL ASTRAVAN,
OPEL/VAUXHALL BRAVA,
OPEL/VAUXHALL CABRIO,
OPEL/VAUXHALL CALIBRA,
OPEL/VAUXHALL CAMPO,
OPEL/VAUXHALL CARLTON,
OPEL/VAUXHALL CASCADA,
OPEL/VAUXHALL CATERA,
OPEL/VAUXHALL CAVALIER,
OPEL/VAUXHALL COMBO,
OPEL/VAUXHALL COMMODORE,
OPEL/VAUXHALL CORSA,
OPEL/VAUXHALL CORSA CARAVAN,
OPEL/VAUXHALL CORSA OPC,
OPEL/VAUXHALL CORSA-E,
OPEL/VAUXHALL COUPE,
OPEL/VAUXHALL CROSSCARLINE,
OPEL/VAUXHALL CROSSLAND X,
OPEL/VAUXHALL FRONTERA,
OPEL/VAUXHALL GRANDLAND X,
OPEL/VAUXHALL GT,
OPEL/VAUXHALL INSIGNIA,
OPEL/VAUXHALL KADETT,
OPEL/VAUXHALL KADETT CABRIO,
OPEL/VAUXHALL KARL,
OPEL/VAUXHALL KARL ROCKS,
OPEL/VAUXHALL MANTA,
OPEL/VAUXHALL MERIVA,
OPEL/VAUXHALL MIDI,
OPEL/VAUXHALL MOKKA,
OPEL/VAUXHALL MOKKA X,
OPEL/VAUXHALL MOKKA-E,
OPEL/VAUXHALL MONARO,
OPEL/VAUXHALL MONTEREY,
OPEL/VAUXHALL MONZA,
OPEL/VAUXHALL MOVANO,
OPEL/VAUXHALL NOVA,
OPEL/VAUXHALL NOVAVAN,
OPEL/VAUXHALL OMEGA,
OPEL/VAUXHALL REKORD,
OPEL/VAUXHALL SAIL,
OPEL/VAUXHALL SENATOR,
OPEL/VAUXHALL SIGNUM,
OPEL/VAUXHALL SINTRA,
OPEL/VAUXHALL SPEEDSTER,
OPEL/VAUXHALL TIGRA,
OPEL/VAUXHALL TIGRA TWINTOP,
OPEL/VAUXHALL TOUR,
OPEL/VAUXHALL VECTRA,
OPEL/VAUXHALL VIVA,
OPEL/VAUXHALL VIVARO,
OPEL/VAUXHALL VX220,
OPEL/VAUXHALL VXR8,
OPEL/VAUXHALL ZAFIRA,
OPEL/VAUXHALL ZAFIRA LIFE,
OPEL/VAUXHALL ZAFIRA TOURER,
PERODUA ATRIO,
PERODUA DELTA,
PERODUA KANCIL,
PERODUA KELISA,
PERODUA KEMBARA,
PERODUA KENARI,
PERODUA MYVI,
PERODUA NAUTICA,
PERODUA RUSA,
PEUGEOT 1007,
PEUGEOT 106,
PEUGEOT 106 ELECTRIC,
PEUGEOT 107,
PEUGEOT 107 SPORTIUM,
PEUGEOT 107 URBAN MOVE 4,
PEUGEOT 108,
PEUGEOT 2008,
PEUGEOT 2008 URBAN CROSS,
PEUGEOT 205,
PEUGEOT 205 CABRIO,
PEUGEOT 206,
PEUGEOT 206 CC,
PEUGEOT 206 SW,
PEUGEOT 206+,
PEUGEOT 207,
PEUGEOT 207 CC,
PEUGEOT 207 COUPE,
PEUGEOT 207 SW,
PEUGEOT 207 SW OUTDOOR,
PEUGEOT 208,
PEUGEOT 208 GTI,
PEUGEOT 208 XY,
PEUGEOT 3008,
PEUGEOT 301,
PEUGEOT 305,
PEUGEOT 306,
PEUGEOT 306 CABRIO,
PEUGEOT 307,
PEUGEOT 307 CC,
PEUGEOT 307 SW,
PEUGEOT 308,
PEUGEOT 308 CC,
PEUGEOT 308 GTI,
PEUGEOT 308 RCZ,
PEUGEOT 308 SW,
PEUGEOT 309,
PEUGEOT 4007,
PEUGEOT 4008,
PEUGEOT 405,
PEUGEOT 406,
PEUGEOT 406 COUPE,
PEUGEOT 407,
PEUGEOT 407 COUPE,
PEUGEOT 408,
PEUGEOT 5008,
PEUGEOT 504,
PEUGEOT 504 PICK UP,
PEUGEOT 505,
PEUGEOT 508,
PEUGEOT 508 RXH,
PEUGEOT 508 SW,
PEUGEOT 604,
PEUGEOT 605,
PEUGEOT 607,
PEUGEOT 806,
PEUGEOT 807,
PEUGEOT BIPPER,
PEUGEOT BOXER,
PEUGEOT EXPERT,
PEUGEOT EXPERT TEPEE,
PEUGEOT HOGGAR,
PEUGEOT ION,
PEUGEOT J5,
PEUGEOT J9,
PEUGEOT PARS,
PEUGEOT PARTNER,
PEUGEOT PARTNER TEPEE,
PEUGEOT RANCH,
PEUGEOT RCZ,
PEUGEOT TRAVELLER,
PEUGEOT WAGON,
PIAGGIO MOTO MP3,
PIAGGIO MOTO VESPA,
PORSCHE 356,
PORSCHE 911,
PORSCHE 911 CARRERA,
PORSCHE 911 COUPE,
PORSCHE 911 GT3,
PORSCHE 911 GT3 RS,
PORSCHE 911 GTS,
PORSCHE 911 SPEEDSTER,
PORSCHE 911 TURBO,
PORSCHE 912,
PORSCHE 914,
PORSCHE 918,
PORSCHE 924,
PORSCHE 928,
PORSCHE 930,
PORSCHE 931,
PORSCHE 944,
PORSCHE 968,
PORSCHE 996,
PORSCHE BOXSTER,
PORSCHE BOXSTER SPYDER,
PORSCHE CARRERA,
PORSCHE CARRERA GT3 RS,
PORSCHE CAYENNE,
PORSCHE CAYENNE S HYBRID,
PORSCHE CAYMAN,
PORSCHE CAYMAN GT4,
PORSCHE GTR,
PORSCHE MACAN,
PORSCHE MISSION E,
PORSCHE PANAMERA,
PORSCHE TAYCAN,
PORSCHE TAYCAN SPORT TURISMO,
PROTON 313,
PROTON 315,
PROTON 413,
PROTON 415,
PROTON 418,
PROTON 420,
PROTON ARENA,
PROTON GEN2,
PROTON IMPIAN,
PROTON ISWARA,
PROTON ISWARA AEROBACK,
PROTON JUARA,
PROTON JUMBUCK,
PROTON NEW PERDANA,
PROTON PERDANA,
PROTON PERSONA,
PROTON PERSONA COMPACT,
PROTON PUMA,
PROTON PUTRA,
PROTON RGW,
PROTON SAGA,
PROTON SATRIA,
PROTON SATRIA NEO,
PROTON SAVVY,
PROTON SRM,
PROTON TRM,
PROTON WAJA,
PROTON WIRA,
PROTON WRM,
RELIANT RIALTO,
RELIANT SCIMITAR,
RELIANT SSI,
RENAULT ALASKAN,
RENAULT ALPINE,
RENAULT ARKANA,
RENAULT AVANTIME,
RENAULT CAPTUR,
RENAULT CLIO,
RENAULT CLIO RS,
RENAULT CLIO SPORT V6,
RENAULT CLIO SYMBOL,
RENAULT DUSTER,
RENAULT ESPACE,
RENAULT EXPRESS,
RENAULT FLUENCE,
RENAULT FLUENCE ZE,
RENAULT FOURGONNETTE,
RENAULT FUEGO,
RENAULT GRAND SCENIC,
RENAULT GTL,
RENAULT KADJAR,
RENAULT KANGOO,
RENAULT KANGOO 4X4,
RENAULT KANGOO BE BOP,
RENAULT KOLEOS,
RENAULT KWID,
RENAULT LAGUNA,
RENAULT LATITUDE,
RENAULT LODGY,
RENAULT LOGAN,
RENAULT LOGAN PICK UP,
RENAULT LUTECIA,
RENAULT MASCOTT,
RENAULT MASTER,
RENAULT MEDALLION,
RENAULT MEGANE,
RENAULT MEGANE CABRIO,
RENAULT MEGANE CC,
RENAULT MEGANE COUPE,
RENAULT MEGANE ESTATE,
RENAULT MEGANE GT,
RENAULT MEGANE RS,
RENAULT MEGANE SCENIC,
RENAULT MEGANE SPORT,
RENAULT MODUS,
RENAULT NEVADA,
RENAULT OROCH,
RENAULT PULSE,
RENAULT R11,
RENAULT R12,
RENAULT R16,
RENAULT R17,
RENAULT R18,
RENAULT R19,
RENAULT R21,
RENAULT R25,
RENAULT R4,
RENAULT R5,
RENAULT R9,
RENAULT RAPID,
RENAULT RODEO,
RENAULT SAFRANE,
RENAULT SANDERO,
RENAULT SANDERO STEPWAY,
RENAULT SCALA,
RENAULT SCENIC,
RENAULT SCENIC RX4,
RENAULT SOCIETE,
RENAULT SOLENZA,
RENAULT SPIDER,
RENAULT SYMBOL,
RENAULT TALISMAN,
RENAULT THALIA,
RENAULT TRAFIC,
RENAULT TWINGO,
RENAULT TWINGO GT,
RENAULT TWINGO RS,
RENAULT TWIZY,
RENAULT VEL SATIS,
RENAULT WIND,
RENAULT ZOE,
RENAULT TRUCKS RVI,
ROEWE I6,
ROEWE RX3,
ROEWE RX5,
ROLLS ROYCE ARNAGE,
ROLLS ROYCE AZURE,
ROLLS ROYCE BENTLEY,
ROLLS ROYCE CULLINAN,
ROLLS ROYCE GHOST,
ROLLS ROYCE PHANTOM,
ROLLS ROYCE WRAITH,
ROVER 100 SERIE,
ROVER 200 SERIE,
ROVER 25 SERIE,
ROVER 400 SERIE,
ROVER 45 SERIE,
ROVER 600 SERIE,
ROVER 75 SERIE,
ROVER 800 SERIE,
ROVER 825S,
ROVER 825SL,
ROVER CITY CAR,
ROVER CONCERTO,
ROVER M RANGE,
ROVER MAESTRO,
ROVER METRO,
ROVER MG,
ROVER MG ZR,
ROVER MG ZS,
ROVER MG ZT,
ROVER MGF,
ROVER MGTF,
ROVER MGV8,
ROVER MINI,
ROVER MINI 2000,
ROVER MINI MOKE,
ROVER MONTEGO,
ROVER R200/R400,
ROVER SPITFIRE,
ROVER STREETWISE,
ROVER TOURER,
ROVER TR7,
ROVER TR8,
ROVER X80,
SAAB 9-2X,
SAAB 44442,
SAAB 9-3 CONVERTIBLE,
SAAB 9-3X,
SAAB 9-4X,
SAAB 44444,
SAAB 9-7X,
SAAB 9-SERIES CONV,
SAAB 9.2,
SAAB 9.3,
SAAB 9.3 CABRIO,
SAAB 9.5,
SAAB 9.7,
SAAB 900,
SAAB 9000,
SAAB EMS,
SAAB GL,
SAAB GLE,
SAAB TURBO,
SAAB VIGGEN,
SAMSUNG 520V,
SAMSUNG 525V,
SAMSUNG LE,
SAMSUNG QM3,
SAMSUNG QM5,
SAMSUNG QM6,
SAMSUNG SE,
SAMSUNG SM3,
SAMSUNG SM5,
SAMSUNG SM518,
SAMSUNG SM520,
SAMSUNG SM525,
SAMSUNG SM7,
SAMSUNG YAMUZINE,
SANTANA ANIBAL,
SANTANA PS10,
SEAT ALHAMBRA,
SEAT ALTEA,
SEAT ALTEA FREETRACK,
SEAT ALTEA XL,
SEAT ARONA,
SEAT AROSA,
SEAT ATECA,
SEAT CORDOBA,
SEAT CORDOBA VARIO,
SEAT CUPRA EL BORN,
SEAT CUPRA FORMENTOR,
SEAT EXEO,
SEAT EXEO ST,
SEAT FORMENTOR,
SEAT IBIZA,
SEAT IBIZA CUPRA,
SEAT IBIZA ST,
SEAT INCA,
SEAT LEON,
SEAT LEON CUPRA,
SEAT LEON ST,
SEAT LEON X-PERIENCE,
SEAT MALAGA,
SEAT MARBELLA,
SEAT MII,
SEAT TARRACO,
SEAT TERRA,
SEAT TOLEDO,
SEAT VARIO,
SKODA BOHEMIA,
SKODA CITIGO,
SKODA CITIGO SPORT,
SKODA FABIA,
SKODA FABIA RS,
SKODA FABIA SCOUT,
SKODA FAVORIT,
SKODA FELICIA,
SKODA FORMAN,
SKODA KAMIQ,
SKODA KAROQ,
SKODA KODIAQ,
SKODA LAURA,
SKODA OCTAVIA,
SKODA OCTAVIA RS,
SKODA OCTAVIA SCOUT,
SKODA PICK-UP,
SKODA PRAKTIK,
SKODA RAPID,
SKODA ROOMSTER,
SKODA ROOMSTER SCOUT,
SKODA S 105,
SKODA SCALA,
SKODA SUPERB,
SKODA YETI,
SMART CITY COUPE,
SMART CROSSBLADE,
SMART EQ FORTWO,
SMART EV-BIKE,
SMART FORFOUR,
SMART FORTWO,
SMART ROADSTER,
SMART ROADSTER BRABUS,
SMART SMART,
SSANGYONG ACTYON,
SSANGYONG ACTYON SPORTS,
SSANGYONG CHAIRMAN,
SSANGYONG CHAIRMAN W,
SSANGYONG G4 REXTON,
SSANGYONG ISTANA,
SSANGYONG KORANDO,
SSANGYONG KORANDO C,
SSANGYONG KORANDO FAMILY,
SSANGYONG KORANDO SPORTS,
SSANGYONG KORANDO TURISMO,
SSANGYONG KYRON,
SSANGYONG MUSSO,
SSANGYONG REXTON,
SSANGYONG REXTON SPORTS,
SSANGYONG RODIUS,
SSANGYONG STAVIC,
SSANGYONG TIVOLI,
SSANGYONG TURISMO,
SSANGYONG XLV,
SUBARU 700 TRUCKS,
SUBARU 800 SEDAN,
SUBARU ASCENT,
SUBARU BAJA,
SUBARU BISTRO,
SUBARU BRAT TRUCK,
SUBARU BRZ,
SUBARU CHIFFON,
SUBARU CHIFFON CUSTOM,
SUBARU CROSSOVER 7,
SUBARU DL,
SUBARU DOMINGO,
SUBARU E WAGON,
SUBARU ESTRATTO,
SUBARU EXIGA,
SUBARU FORESTER,
SUBARU GL SEDAN,
SUBARU GLF,
SUBARU HARD TOP,
SUBARU IMPREZA,
SUBARU JUMBO,
SUBARU JUSTY,
SUBARU L SEDAN,
SUBARU L SERIES,
SUBARU LAMBI,
SUBARU LEGACY,
SUBARU LEVORG,
SUBARU LIBERTY,
SUBARU LOYALE,
SUBARU LUCRA,
SUBARU NESTA,
SUBARU OUTBACK,
SUBARU PERMANENT,
SUBARU PLEO,
SUBARU PLEO PLUS,
SUBARU R1,
SUBARU R2,
SUBARU SAMBAR,
SUBARU SEDAN,
SUBARU STELLA,
SUBARU STI,
SUBARU SUMBAR,
SUBARU SVX,
SUBARU TRAVIQ,
SUBARU TREZIA,
SUBARU TRIBECA,
SUBARU VIVIO,
SUBARU WAGON,
SUBARU WRX,
SUBARU WRX STI,
SUBARU XT,
SUBARU XT6,
SUBARU XV,
SUBARU XV CROSSTREK,
SUBARU XV CROSSTREK HYBRID,
SUBARU YUNQUE,
SUZUKI ACROSS,
SUZUKI AERIO,
SUZUKI ALIVIO,
SUZUKI ALTO,
SUZUKI ANIBAL,
SUZUKI APV,
SUZUKI AZ WAGON,
SUZUKI BALENO,
SUZUKI CAPPUCCINO,
SUZUKI CARRY,
SUZUKI CELERIO,
SUZUKI CERVO,
SUZUKI CHANG'AN AUTO,
SUZUKI CIAZ,
SUZUKI CRUZE,
SUZUKI CULTUS,
SUZUKI E-RV,
SUZUKI EQUATOR,
SUZUKI ERTIGA,
SUZUKI ESCUDO,
SUZUKI ESTEEM,
SUZUKI EVERY,
SUZUKI EVERY WAGON,
SUZUKI FLYER,
SUZUKI FORENZA,
SUZUKI FORSA,
SUZUKI FX,
SUZUKI GRAND VITARA,
SUZUKI HIROOF,
SUZUKI HUSTLER,
SUZUKI IGNIS,
SUZUKI JIMNY,
SUZUKI JIMNY SIERRA,
SUZUKI KARIMUN,
SUZUKI KARIMUN ESTILO,
SUZUKI KARIMUN WAGON R,
SUZUKI KEI,
SUZUKI KHYBER,
SUZUKI KIZASHI,
SUZUKI LANDY,
SUZUKI LAPIN,
SUZUKI LIANA,
SUZUKI LINGYANG,
SUZUKI MEHRAN,
SUZUKI MINI VAN,
SUZUKI MR WAGON,
SUZUKI MW,
SUZUKI NOMADO,
SUZUKI PALETTE,
SUZUKI REALVAN,
SUZUKI RENO,
SUZUKI S-CROSS,
SUZUKI SAMURAI,
SUZUKI SANTANA,
SUZUKI SHANGYUE,
SUZUKI SIDEKICK,
SUZUKI SN SERIES,
SUZUKI SOLIO,
SUZUKI SPACIA,
SUZUKI SPATIA CUSTOM,
SUZUKI SPLASH,
SUZUKI SQ SERIES,
SUZUKI SUPER CARRY,
SUZUKI SUPER CARRY TRUCK,
SUZUKI SUPER CARRY VAN,
SUZUKI SWACE,
SUZUKI SWIFT,
SUZUKI SWIFT SPORT,
SUZUKI SX4,
SUZUKI SX4 S-CROSS,
SUZUKI SX4 SEDAN,
SUZUKI TWIN,
SUZUKI VERONA,
SUZUKI VITARA,
SUZUKI VITARA BREZZA,
SUZUKI WAGON R,
SUZUKI WAGON R STINGRAY,
SUZUKI WAGON R+,
SUZUKI WAGON X5,
SUZUKI WORKS,
SUZUKI X-90,
SUZUKI XBEE,
SUZUKI XL-7,
SUZUKI MOTO 650 GLADIUS,
SUZUKI MOTO 650V STORM,
SUZUKI MOTO BANDIT,
SUZUKI MOTO ESCUDO 125,
SUZUKI MOTO GSF 600,
SUZUKI MOTO GSR 750,
SUZUKI MOTO GSX 1100,
SUZUKI MOTO GSX 1100F,
SUZUKI MOTO GSX 1300,
SUZUKI MOTO GSX 600,
SUZUKI MOTO GSX 650F,
SUZUKI MOTO GSX 750,
SUZUKI MOTO GSX 750 R,
SUZUKI MOTO GSX-R1000,
SUZUKI MOTO GSXR,
SUZUKI MOTO GSXR 100G,
SUZUKI MOTO GSXR 1100G,
SUZUKI MOTO GSXR 600,
SUZUKI MOTO GSXR 750,
SUZUKI MOTO HAYABUSA 1300,
SUZUKI MOTO KATANA,
SUZUKI MOTO RG 125,
SUZUKI MOTO SV 650,
SUZUKI MOTO SV 650S,
TATA 407,
TATA ACE,
TATA ARIA,
TATA DICOR,
TATA INDICA,
TATA INDICA VISTA,
TATA INDIGO,
TATA INDIGO MANZA,
TATA INDIGO MARINA,
TATA NANO,
TATA NEXON,
TATA PICK UP,
TATA SAFARI,
TATA SAFARI DICOR,
TATA SAFARI MERLIN,
TATA SAFARI STORME,
TATA SIERA,
TATA SUMO,
TATA SUMO GRANDE,
TATA SUMO VICTA,
TATA TELCOLINE,
TATA TELCOSPORT,
TATA TRUCK,
TATA VENTURE,
TATA XENON,
TATA XETA,
TATA ZEST,
TESLA MOTORS MODEL 3,
TESLA MOTORS MODEL D,
TESLA MOTORS MODEL S,
TESLA MOTORS MODEL X,
TESLA MOTORS ROADSTER,
TOYOTA 4 RUNNER,
TOYOTA 86,
TOYOTA AGYA,
TOYOTA ALLEX,
TOYOTA ALLION,
TOYOTA ALPHARD,
TOYOTA ALTEZZA,
TOYOTA ALTIS,
TOYOTA AQUA,
TOYOTA ARISTO,
TOYOTA ASCENT,
TOYOTA AURION,
TOYOTA AURIS,
TOYOTA AURIS TOURING SPORTS,
TOYOTA AVALON,
TOYOTA AVANZA,
TOYOTA AVENSIS,
TOYOTA AVENSIS TOURING,
TOYOTA AVENSIS VERSO,
TOYOTA AYGO,
TOYOTA BB,
TOYOTA BELTA,
TOYOTA BLADE,
TOYOTA BLIT,
TOYOTA BREVIS,
TOYOTA C-HR,
TOYOTA CALDINA,
TOYOTA CALYA,
TOYOTA CAMI,
TOYOTA CAMRY,
TOYOTA CAMRY HYBRID,
TOYOTA CARIB,
TOYOTA CARINA,
TOYOTA CARINA E,
TOYOTA CAVALIER,
TOYOTA CELICA,
TOYOTA CELSIOR,
TOYOTA CENTURY,
TOYOTA CHASER,
TOYOTA COASTER,
TOYOTA COMS,
TOYOTA CONQUEST SEDAN/WAGON,
TOYOTA COROLLA,
TOYOTA COROLLA ALTIS,
TOYOTA COROLLA AXIO,
TOYOTA COROLLA FIELDER,
TOYOTA COROLLA II,
TOYOTA COROLLA IM,
TOYOTA COROLLA RUMION,
TOYOTA COROLLA RUNX,
TOYOTA COROLLA VERSO,
TOYOTA CORONA,
TOYOTA CORSA,
TOYOTA CORSTER,
TOYOTA CRESSIDA,
TOYOTA CRESTA,
TOYOTA CROWN,
TOYOTA CROWN ATHLETE,
TOYOTA CROWN COMFORT,
TOYOTA CROWN MAJESTA,
TOYOTA CROWN SEDAN,
TOYOTA CYGNUS,
TOYOTA CYNOS,
TOYOTA DUET,
TOYOTA DYNA,
TOYOTA E'Z,
TOYOTA ECHO,
TOYOTA EMINA,
TOYOTA ESQUIRE,
TOYOTA ESTIMA,
TOYOTA ESTIMA HYBRID,
TOYOTA ETIOS,
TOYOTA EXSIOR,
TOYOTA FIELDER,
TOYOTA FJ CRUISER,
TOYOTA FORTUNER,
TOYOTA FUN CARGO,
TOYOTA GAIA,
TOYOTA GRACIA,
TOYOTA GRANVIA,
TOYOTA GT86,
TOYOTA HARRIER,
TOYOTA HD TRUCK,
TOYOTA HIACE,
TOYOTA HIGHLANDER,
TOYOTA HIGHLANDER HYBRID,
TOYOTA HILUX,
TOYOTA HILUX SURF,
TOYOTA HILUX TIGER,
TOYOTA HILUX VIGO,
TOYOTA HILUX VIGO CHAMP,
TOYOTA INNOVA,
TOYOTA IPSUM,
TOYOTA IQ,
TOYOTA ISIS,
TOYOTA IST,
TOYOTA KIJANG,
TOYOTA KLUGER,
TOYOTA KLUGERV,
TOYOTA LAND CRUISER,
TOYOTA LAND CRUISER 100,
TOYOTA LAND CRUISER 200,
TOYOTA LAND CRUISER 70,
TOYOTA LAND CRUISER 78,
TOYOTA LAND CRUISER PRADO,
TOYOTA LAND CRUISER V8,
TOYOTA LEVIN,
TOYOTA LITEACE,
TOYOTA LUCIDA,
TOYOTA MARK II,
TOYOTA MARK X,
TOYOTA MARK X ZIO,
TOYOTA MATRIX,
TOYOTA MEGACRUISER,
TOYOTA MIRAI,
TOYOTA MODEL-F,
TOYOTA MOST MODELS,
TOYOTA MR-S,
TOYOTA MR2,
TOYOTA NADIA,
TOYOTA NOAH,
TOYOTA OPA,
TOYOTA ORIGIN,
TOYOTA PASEO,
TOYOTA PASSO,
TOYOTA PASSO SETTE,
TOYOTA PICK-UP,
TOYOTA PICNIC,
TOYOTA PIXIS,
TOYOTA PIXIS EPOCH,
TOYOTA PIXIS JOY,
TOYOTA PIXIS SPACE,
TOYOTA PLATZ,
TOYOTA PORTE,
TOYOTA PRADO,
TOYOTA PREMIO,
TOYOTA PRESARA,
TOYOTA PREVIA,
TOYOTA PRIUS,
TOYOTA PRIUS ALPHA,
TOYOTA PRIUS C,
TOYOTA PRIUS EV,
TOYOTA PRIUS PHV,
TOYOTA PRIUS PRIME,
TOYOTA PRIUS V,
TOYOTA PRIUS+,
TOYOTA PROACE,
TOYOTA PROBOX,
TOYOTA PROGRES,
TOYOTA PRONARD,
TOYOTA QUALIS,
TOYOTA QUANTUM,
TOYOTA RACTIS,
TOYOTA RAUM,
TOYOTA RAV4,
TOYOTA RAV4 EV,
TOYOTA RAV4 HYBRID,
TOYOTA RAV4L,
TOYOTA REGIUS,
TOYOTA REIZ,
TOYOTA REVO,
TOYOTA ROOMY,
TOYOTA RUKUS,
TOYOTA RUNX,
TOYOTA RUSH,
TOYOTA SAI,
TOYOTA SCEPTER,
TOYOTA SCION FR-S,
TOYOTA SCION IM,
TOYOTA SCION IQ,
TOYOTA SCION TC,
TOYOTA SCION XA,
TOYOTA SCION XB,
TOYOTA SCION XD,
TOYOTA SECA,
TOYOTA SEQUOIA,
TOYOTA SERA,
TOYOTA SIENNA,
TOYOTA SIENTA,
TOYOTA SOARER,
TOYOTA SOLARA,
TOYOTA SOLUNA,
TOYOTA SPACIO,
TOYOTA SPADE,
TOYOTA STARLET,
TOYOTA STOUT,
TOYOTA SUCCEED,
TOYOTA SUPRA,
TOYOTA SURF,
TOYOTA T100,
TOYOTA T1000,
TOYOTA TACOMA,
TOYOTA TAMARAW,
TOYOTA TANK,
TOYOTA TARAGO,
TOYOTA TARO,
TOYOTA TAZZ,
TOYOTA TERCEL,
TOYOTA TERIOS,
TOYOTA TOWN ACE,
TOYOTA TOYOACE,
TOYOTA TRUCK,
TOYOTA TUNDRA,
TOYOTA ULTIMA,
TOYOTA UNKNOWN,
TOYOTA UNSER,
TOYOTA URBAN CRUISER,
TOYOTA VANGUARD,
TOYOTA VANWAGON,
TOYOTA VELLFIRE,
TOYOTA VENZA,
TOYOTA VEROSSA,
TOYOTA VERSO,
TOYOTA VERSO S,
TOYOTA VIBE,
TOYOTA VIENTA,
TOYOTA VIGO,
TOYOTA VIGO CHAMP,
TOYOTA VIOS,
TOYOTA VIOS FS,
TOYOTA VISTA,
TOYOTA VITZ,
TOYOTA VN LEXCEN,
TOYOTA VOLTZ,
TOYOTA VOXY,
TOYOTA VP LEXCEN,
TOYOTA VR LEXCEN,
TOYOTA WEICHI,
TOYOTA WILL CYPHA,
TOYOTA WILL VI,
TOYOTA WILL VS,
TOYOTA WINDOM,
TOYOTA WISH,
TOYOTA YARIS,
TOYOTA YARIS CROSS,
TOYOTA YARIS IA,
TOYOTA YARIS L,
TOYOTA YARIS SEDAN,
TOYOTA YARIS VERSO,
TOYOTA ZACE,
TOYOTA ZACE SURF,
TOYOTA ZELAS,
TOYOTA S.AFRICA ALTIS,
TOYOTA S.AFRICA ASCENT,
TOYOTA S.AFRICA CARIB,
TOYOTA S.AFRICA CARINA,
TOYOTA S.AFRICA CELICA,
TOYOTA S.AFRICA CONQUEST SEDAN/WAGON,
TOYOTA S.AFRICA COROLLA,
TOYOTA S.AFRICA CORONA,
TOYOTA S.AFRICA FORTUNER,
TOYOTA S.AFRICA HILUX,
TOYOTA S.AFRICA MR2,
TOYOTA S.AFRICA PASEO,
TOYOTA S.AFRICA SECA,
TOYOTA S.AFRICA SPACIO,
TOYOTA S.AFRICA STARLET,
TOYOTA S.AFRICA SUPRA,
TOYOTA S.AFRICA TERCEL,
TOYOTA S.AFRICA ULTIMA,
TOYOTA S.AFRICA VIOS,
TOYOTA S.AFRICA VITZ,
TOYOTA S.AFRICA YARIS,
TVR CHIMAERA,
UAZ HUNTER,
UAZ PATRIOT,
VOLKSWAGEN A-MPV,
VOLKSWAGEN AMAROK,
VOLKSWAGEN AMAROK CANYON,
VOLKSWAGEN AMEO,
VOLKSWAGEN ARTEON,
VOLKSWAGEN ATLAS,
VOLKSWAGEN BEETLE,
VOLKSWAGEN BEETLE CABRIO,
VOLKSWAGEN BEETLE CONVERTIBLE,
VOLKSWAGEN BEETLE DOMINGO,
VOLKSWAGEN BEETLE EN VOGUE,
VOLKSWAGEN BORA,
VOLKSWAGEN CABRIOLET,
VOLKSWAGEN CADDY,
VOLKSWAGEN CALIFORNIA,
VOLKSWAGEN CAMPER,
VOLKSWAGEN CARAVELLE,
VOLKSWAGEN CC,
VOLKSWAGEN CITY GOLF,
VOLKSWAGEN CITY JETTA,
VOLKSWAGEN CONCEPT,
VOLKSWAGEN CORRADO,
VOLKSWAGEN COUPE GT,
VOLKSWAGEN CRAFTER,
VOLKSWAGEN CROSSGOLF,
VOLKSWAGEN CROSSPOLO,
VOLKSWAGEN CROSSTOURAN,
VOLKSWAGEN DASHER,
VOLKSWAGEN DERBY,
VOLKSWAGEN E-GOLF,
VOLKSWAGEN EOS,
VOLKSWAGEN EUROVAN,
VOLKSWAGEN FOX,
VOLKSWAGEN FUSCA,
VOLKSWAGEN GLI,
VOLKSWAGEN GOL,
VOLKSWAGEN GOLF,
VOLKSWAGEN GOLF ALLTRACK,
VOLKSWAGEN GOLF BLUE MOTION,
VOLKSWAGEN GOLF BON JOVI,
VOLKSWAGEN GOLF CABRIO,
VOLKSWAGEN GOLF COUNTRY,
VOLKSWAGEN GOLF FIRE & ICE,
VOLKSWAGEN GOLF GENESIS,
VOLKSWAGEN GOLF GT SPORT,
VOLKSWAGEN GOLF GTD,
VOLKSWAGEN GOLF GTI,
VOLKSWAGEN GOLF PLUS,
VOLKSWAGEN GOLF R,
VOLKSWAGEN GOLF R32,
VOLKSWAGEN GOLF ROLLING STONES,
VOLKSWAGEN GOLF SPORTSVAN,
VOLKSWAGEN GOLF SPORTWAGEN,
VOLKSWAGEN GOLF VARIANT,
VOLKSWAGEN GTI,
VOLKSWAGEN JETTA,
VOLKSWAGEN JETTA CLASICO,
VOLKSWAGEN JETTA HYBRID,
VOLKSWAGEN JETTA SPORTWAGEN,
VOLKSWAGEN KAEFER,
VOLKSWAGEN KOMBI,
VOLKSWAGEN L80,
VOLKSWAGEN LAVIDA,
VOLKSWAGEN LOGUS,
VOLKSWAGEN LT,
VOLKSWAGEN LUPO,
VOLKSWAGEN MULTIVAN,
VOLKSWAGEN MULTIVAN BEACH,
VOLKSWAGEN NMS,
VOLKSWAGEN PARATI,
VOLKSWAGEN PASSAT,
VOLKSWAGEN PASSAT ALLTRACK,
VOLKSWAGEN PASSAT BLUE MOTION,
VOLKSWAGEN PASSAT CC,
VOLKSWAGEN PASSAT LIMO,
VOLKSWAGEN PASSAT R36,
VOLKSWAGEN PASSAT VARIANT,
VOLKSWAGEN PASSAT XC,
VOLKSWAGEN PHAETON,
VOLKSWAGEN POINTER,
VOLKSWAGEN POLO,
VOLKSWAGEN POLO BLUE GT,
VOLKSWAGEN POLO BLUE MOTION,
VOLKSWAGEN POLO FUN,
VOLKSWAGEN POLO GENESIS,
VOLKSWAGEN POLO GTI,
VOLKSWAGEN POLO HARLEKIN,
VOLKSWAGEN PORSCHE 914,
VOLKSWAGEN QIANGSHENG,
VOLKSWAGEN QIRUI,
VOLKSWAGEN QIRUI QQ,
VOLKSWAGEN QUANTUM,
VOLKSWAGEN R32,
VOLKSWAGEN RABBIT,
VOLKSWAGEN ROUTAN,
VOLKSWAGEN SANTANA,
VOLKSWAGEN SAVEIRO,
VOLKSWAGEN SCIROCCO,
VOLKSWAGEN SHARAN,
VOLKSWAGEN SURAN,
VOLKSWAGEN T-CROSS,
VOLKSWAGEN T-ROC,
VOLKSWAGEN T-ROC CABRIO,
VOLKSWAGEN T4,
VOLKSWAGEN T5,
VOLKSWAGEN T6,
VOLKSWAGEN TARO,
VOLKSWAGEN TIGUAN,
VOLKSWAGEN TIGUAN ALLSPACE,
VOLKSWAGEN TOUAREG,
VOLKSWAGEN TOUAREG FL,
VOLKSWAGEN TOUAREG R50,
VOLKSWAGEN TOURAN,
VOLKSWAGEN TRANSPORTER,
VOLKSWAGEN TRUCK,
VOLKSWAGEN UNKNOWN,
VOLKSWAGEN UP,
VOLKSWAGEN VANAGON,
VOLKSWAGEN VARIANT,
VOLKSWAGEN VENTO,
VOLKSWAGEN VIRTUS,
VOLKSWAGEN VOYAGE,
VOLKSWAGEN VW CABRIO,
VOLVO 200 SERIES,
VOLVO 30 SERIES,
VOLVO 300 SERIES,
VOLVO 400 SERIES,
VOLVO 480 ES,
VOLVO 50 SERIES,
VOLVO 60 SERIES,
VOLVO 70 SERIES,
VOLVO 700 SERIES,
VOLVO 80 SERIES,
VOLVO 800 SERIES,
VOLVO 90 SERIES,
VOLVO 900 SERIES,
VOLVO C30,
VOLVO C40,
VOLVO C70,
VOLVO CONVERTIBLE,
VOLVO COUPE,
VOLVO GL,
VOLVO GLE,
VOLVO GLT,
VOLVO L421-TEMP NAME,
VOLVO R-SERIES,
VOLVO S40,
VOLVO S40/V40,
VOLVO S60,
VOLVO S60 CROSS COUNTRY,
VOLVO S60L,
VOLVO S70,
VOLVO S70/V70,
VOLVO S80,
VOLVO S80L,
VOLVO S90,
VOLVO V40,
VOLVO V40 CROSS COUNTRY,
VOLVO V50,
VOLVO V60,
VOLVO V60 CROSS COUNTRY,
VOLVO V60H,
VOLVO V70,
VOLVO V90,
VOLVO V90 CROSS COUNTRY,
VOLVO XC SERIES,
VOLVO XC30,
VOLVO XC40,
VOLVO XC60,
VOLVO XC70,
VOLVO XC90,
VOLVO TRUCKS FH,
VOLVO TRUCKS FH540,
VOLVO TRUCKS FM420,
WULING BAOJUN RM-5,
WULING BAOJUN RS-5,
YAMAHA MOTO AXIS PLUS 49,
YAMAHA MOTO FAZER,
YAMAHA MOTO FJ1200,
YAMAHA MOTO FJR1300,
YAMAHA MOTO FZ1,
YAMAHA MOTO FZ8,
YAMAHA MOTO FZR,
YAMAHA MOTO FZR1000,
YAMAHA MOTO GTS1000,
YAMAHA MOTO MAJESTY,
YAMAHA MOTO RS,
YAMAHA MOTO SUPER TENERE,
YAMAHA MOTO TDM 850,
YAMAHA MOTO TDM 900,
YAMAHA MOTO TENERE,
YAMAHA MOTO TRACER,
YAMAHA MOTO VMAX,
YAMAHA MOTO XJ600,
YAMAHA MOTO XJ600S,
YAMAHA MOTO XJ900S,
YAMAHA MOTO XJR1300,
YAMAHA MOTO XV650,
YAMAHA MOTO XVS650,
YAMAHA MOTO YZF-R1,
YAMAHA MOTO YZF-R6,
YAMAHA MOTO YZF1000R,
YAMAHA MOTO YZF600R,
YUGO CABRIOLET,
YUGO GV,
YUGO GVL,
YUGO GVPLUS,
YUGO GVX,
ZAZ FORZA,
ZAZ LANOS,
ZAZ SENS,
ZAZ VIDA,
